miRNA,log2(FC),AveExpr,t,P.Value,adj.P.Val,B,sig,ENTREZ ID,Comparison
hsa-let-7a-3p,-0.5691,0.0867,-0.5432,0.5946,0.934,-4.8432,FALSE,406881,s_m
hsa-let-7a-3p,1.2141,0.0867,1.1654,0.2612,0.739,-5.0937,FALSE,406881,s_c
hsa-let-7a-3p,1.7832,0.0867,1.3488,0.1964,0.988,-4.5928,FALSE,406881,m_c
hsa-let-7a-5p,0.9197,14.2873,2.6744,0.0168,0.6054,-3.1505,FALSE,406881,s_m
hsa-let-7a-5p,0.4441,14.2873,1.553,0.1402,0.6423,-6.1785,FALSE,406881,s_c
hsa-let-7a-5p,-0.4756,14.2873,-1.2078,0.2449,0.988,-4.5703,FALSE,406881,m_c
hsa-let-7b-3p,2.73,-2.7001,1.6776,0.1131,0.8163,-4.3895,FALSE,406884,s_m
hsa-let-7b-3p,2.6039,-2.7001,1.7676,0.0964,0.5966,-4.2298,FALSE,406884,s_c
hsa-let-7b-3p,-0.1262,-2.7001,-0.0624,0.951,0.9908,-4.5966,FALSE,406884,m_c
hsa-let-7b-5p,0.1841,11.8268,0.7702,0.4525,0.9196,-5.6428,FALSE,406884,s_m
hsa-let-7b-5p,-0.0444,11.8268,-0.2187,0.8297,0.9411,-7.1394,FALSE,406884,s_c
hsa-let-7b-5p,-0.2285,11.8268,-0.8383,0.4143,0.988,-4.6126,FALSE,406884,m_c
hsa-let-7c-5p,0.2485,7.5811,0.6178,0.5455,0.9262,-5.3876,FALSE,406885,s_m
hsa-let-7c-5p,-0.1773,7.5811,-0.5679,0.5781,0.877,-6.6739,FALSE,406885,s_c
hsa-let-7c-5p,-0.4257,7.5811,-0.9471,0.3579,0.988,-4.5982,FALSE,406885,m_c
hsa-let-7d-3p,-0.1404,9.6605,-0.5142,0.6142,0.9404,-5.6285,FALSE,406886,s_m
hsa-let-7d-3p,-0.1753,9.6605,-0.7748,0.4499,0.8376,-6.6868,FALSE,406886,s_c
hsa-let-7d-3p,-0.0349,9.6605,-0.1128,0.9116,0.988,-4.6329,FALSE,406886,m_c
hsa-let-7d-5p,0.9123,13.1604,2.8357,0.012,0.5633,-2.8076,FALSE,406886,s_m
hsa-let-7d-5p,0.6032,13.1604,2.2334,0.0404,0.5032,-4.9772,FALSE,406886,s_c
hsa-let-7d-5p,-0.3091,13.1604,-0.8351,0.4161,0.988,-4.6164,FALSE,406886,m_c
hsa-let-7e-3p,-0.7595,-2.6346,-0.3399,0.7384,0.9842,-4.7278,FALSE,406887,s_m
hsa-let-7e-3p,-3.2817,-2.6346,-1.9212,0.0729,0.5597,-4.0599,FALSE,406887,s_c
hsa-let-7e-3p,-2.5222,-2.6346,-1.109,0.284,0.988,-4.5947,FALSE,406887,m_c
hsa-let-7e-5p,0.593,9.4006,1.1395,0.2715,0.8879,-5.1081,FALSE,406887,s_m
hsa-let-7e-5p,-0.262,9.4006,-0.6409,0.5308,0.8715,-6.7715,FALSE,406887,s_c
hsa-let-7e-5p,-0.8549,9.4006,-1.4704,0.1611,0.988,-4.5619,FALSE,406887,m_c
hsa-let-7f-1-3p,-0.2805,0.295,-0.249,0.8066,0.985,-4.8471,FALSE,406888,s_m
hsa-let-7f-1-3p,-1.1472,0.295,-1.3291,0.2027,0.7021,-5.0194,FALSE,406888,s_c
hsa-let-7f-1-3p,-0.8667,0.295,-0.7084,0.489,0.988,-4.5967,FALSE,406888,m_c
hsa-let-7f-5p,1.011,14.4046,2.637,0.0181,0.6054,-3.2219,FALSE,406888,s_m
hsa-let-7f-5p,0.5022,14.4046,1.584,0.133,0.6349,-6.1449,FALSE,406888,s_c
hsa-let-7f-5p,-0.5088,14.4046,-1.1597,0.2634,0.988,-4.5775,FALSE,406888,m_c
hsa-let-7g-5p,0.4538,14.5838,2.2079,0.0424,0.7475,-3.9879,FALSE,406890,s_m
hsa-let-7g-5p,0.1297,14.5838,0.7528,0.4626,0.8391,-7.0887,FALSE,406890,s_c
hsa-let-7g-5p,-0.3241,14.5838,-1.3824,0.1861,0.988,-4.5398,FALSE,406890,m_c
hsa-let-7i-3p,-0.8178,-2.5306,-0.5403,0.5966,0.934,-4.7327,FALSE,406891,s_m
hsa-let-7i-3p,1.3771,-2.5306,0.9011,0.3811,0.806,-5.0633,FALSE,406891,s_c
hsa-let-7i-3p,2.1949,-2.5306,1.161,0.2629,0.988,-4.5946,FALSE,406891,m_c
hsa-let-7i-5p,0.519,12.4625,1.8376,0.085,0.8075,-4.4602,FALSE,406891,s_m
hsa-let-7i-5p,0.5123,12.4625,2.1321,0.0491,0.508,-5.0975,FALSE,406891,s_c
hsa-let-7i-5p,-0.0067,12.4625,-0.0206,0.9838,0.9967,-4.6535,FALSE,406891,m_c
hsa-miR-1-3p,-1e-04,4.8434,-1e-04,0.9999,0.9999,-5.2869,FALSE,406905,s_m
hsa-miR-1-3p,-0.275,4.8434,-0.4848,0.6345,0.8894,-6.4646,FALSE,406905,s_c
hsa-miR-1-3p,-0.2749,4.8434,-0.3162,0.756,0.988,-4.6073,FALSE,406905,m_c
hsa-miR-100-5p,-1.6214,6.082,-1.5894,0.1318,0.8163,-4.4437,FALSE,406892,s_m
hsa-miR-100-5p,-0.977,6.082,-1.1258,0.2771,0.7446,-5.9872,FALSE,406892,s_c
hsa-miR-100-5p,0.6444,6.082,0.5651,0.5799,0.988,-4.6084,FALSE,406892,m_c
hsa-miR-101-3p,-0.4058,8.7514,-1.3158,0.207,0.852,-4.8903,FALSE,406893,s_m
hsa-miR-101-3p,-0.4015,8.7514,-1.6244,0.1241,0.6349,-5.6346,FALSE,406893,s_c
hsa-miR-101-3p,0.0043,8.7514,0.0123,0.9903,0.9967,-4.6266,FALSE,406893,m_c
hsa-miR-10399-3p,0.7702,-1.6884,0.4309,0.6724,0.9736,-4.7579,FALSE,113218503,s_m
hsa-miR-10399-3p,1.213,-1.6884,0.7835,0.4449,0.8334,-5.2774,FALSE,113218503,s_c
hsa-miR-10399-3p,0.4428,-1.6884,0.2081,0.8378,0.988,-4.5969,FALSE,113218503,m_c
hsa-miR-10399-5p,0.0677,3.4239,0.0939,0.9264,0.9963,-5.1753,FALSE,113218503,s_m
hsa-miR-10399-5p,-0.0941,3.4239,-0.1711,0.8664,0.9533,-6.3651,FALSE,113218503,s_c
hsa-miR-10399-5p,-0.1618,3.4239,-0.2009,0.8433,0.988,-4.6045,FALSE,113218503,m_c
hsa-miR-103a-2-5p,0.58,-0.2427,0.3671,0.7185,0.9785,-4.7793,FALSE,406896,s_m
hsa-miR-103a-2-5p,-0.6489,-0.2427,-0.6045,0.5541,0.8745,-5.6272,FALSE,406896,s_c
hsa-miR-103a-2-5p,-1.229,-0.2427,-0.7271,0.4778,0.988,-4.5963,FALSE,406896,m_c
hsa-miR-103a-3p,0.73,15.2356,2.6186,0.0188,0.6054,-3.3062,FALSE,406896,s_m
hsa-miR-103a-3p,0.4581,15.2356,1.9439,0.0699,0.5545,-5.6401,FALSE,406896,s_c
hsa-miR-103a-3p,-0.272,15.2356,-0.8487,0.4087,0.988,-4.624,FALSE,406896,m_c
hsa-miR-10401-3p,-1.1292,-0.5389,-1.1338,0.2738,0.8904,-4.6009,FALSE,114482364,s_m
hsa-miR-10401-3p,-0.1078,-0.5389,-0.1142,0.9105,0.9756,-5.675,FALSE,114482364,s_c
hsa-miR-10401-3p,1.0214,-0.5389,0.8677,0.3985,0.988,-4.5958,FALSE,114482364,m_c
hsa-miR-10527-5p,0.0764,5.7212,0.1855,0.8552,0.9867,-5.3597,FALSE,113218505,s_m
hsa-miR-10527-5p,-0.0201,5.7212,-0.0621,0.9512,0.9884,-6.6089,FALSE,113218505,s_c
hsa-miR-10527-5p,-0.0964,5.7212,-0.2084,0.8376,0.988,-4.6106,FALSE,113218505,m_c
hsa-miR-106a-5p,-0.0332,7.0886,-0.0994,0.9221,0.9963,-5.5001,FALSE,406899,s_m
hsa-miR-106a-5p,6e-04,7.0886,0.0023,0.9982,0.9982,-6.7672,FALSE,406899,s_c
hsa-miR-106a-5p,0.0338,7.0886,0.0902,0.9293,0.9889,-4.6172,FALSE,406899,m_c
hsa-miR-106b-3p,0.0922,7.144,0.3135,0.758,0.9842,-5.4685,FALSE,406900,s_m
hsa-miR-106b-3p,0.1465,7.144,0.6411,0.5307,0.8715,-6.5741,FALSE,406900,s_c
hsa-miR-106b-3p,0.0543,7.144,0.1641,0.8718,0.988,-4.6171,FALSE,406900,m_c
hsa-miR-106b-5p,-0.2601,10.9301,-1.1988,0.2483,0.8549,-5.1881,FALSE,406900,s_m
hsa-miR-106b-5p,-0.0967,10.9301,-0.5205,0.6099,0.8818,-6.9363,FALSE,406900,s_c
hsa-miR-106b-5p,0.1634,10.9301,0.6598,0.5189,0.988,-4.6218,FALSE,406900,m_c
hsa-miR-107,0.3989,9.8553,1.3125,0.2081,0.852,-4.9803,FALSE,406901,s_m
hsa-miR-107,0.5401,9.8553,2.1266,0.0496,0.508,-4.9019,FALSE,406901,s_c
hsa-miR-107,0.1412,9.8553,0.4052,0.6908,0.988,-4.6267,FALSE,406901,m_c
hsa-miR-10a-3p,0.374,1.0218,0.4223,0.6785,0.9736,-4.8614,FALSE,406902,s_m
hsa-miR-10a-3p,-0.3617,1.0218,-0.5569,0.5854,0.8786,-5.8121,FALSE,406902,s_c
hsa-miR-10a-3p,-0.7357,1.0218,-0.7585,0.4593,0.988,-4.5968,FALSE,406902,m_c
hsa-miR-10a-5p,-0.1641,10.8825,-0.5608,0.5828,0.934,-5.7145,FALSE,406902,s_m
hsa-miR-10a-5p,0.0299,10.8825,0.1178,0.9077,0.9756,-7.0679,FALSE,406902,s_c
hsa-miR-10a-5p,0.1939,10.8825,0.5776,0.5717,0.988,-4.6267,FALSE,406902,m_c
hsa-miR-10b-3p,0.0607,-0.8176,0.0483,0.962,0.9991,-4.7774,FALSE,406903,s_m
hsa-miR-10b-3p,-1.3364,-0.8176,-1.4843,0.1574,0.6508,-4.7173,FALSE,406903,s_c
hsa-miR-10b-3p,-1.3971,-0.8176,-1.0486,0.3102,0.988,-4.5949,FALSE,406903,m_c
hsa-miR-10b-5p,-2.8721,9.2992,-4.785,2e-04,0.1298,0.679,TRUE,406903,s_m
hsa-miR-10b-5p,-1.7572,9.2992,-3.1636,0.0061,0.3182,-2.8488,FALSE,406903,s_c
hsa-miR-10b-5p,1.1149,9.2992,1.6581,0.117,0.988,-4.5369,FALSE,406903,m_c
hsa-miR-11400,2.1509,1.5269,0.6408,0.5308,0.9196,-4.7225,FALSE,113839523,s_m
hsa-miR-11400,-3.7764,1.5269,-2.5826,0.0202,0.4407,-3.3738,TRUE,113839523,s_c
hsa-miR-11400,-5.9272,1.5269,-1.7903,0.0926,0.988,-4.5901,FALSE,113839523,m_c
hsa-miR-11401,-0.6629,-2.3465,-0.3899,0.7018,0.9774,-4.7631,FALSE,113218509,s_m
hsa-miR-11401,3.8683,-2.3465,1.9813,0.0652,0.5513,-3.9319,FALSE,113218509,s_c
hsa-miR-11401,4.5312,-2.3465,1.935,0.0711,0.988,-4.592,FALSE,113218509,m_c
hsa-miR-1179,2.614,2.1669,2.4298,0.0274,0.677,-3.8862,TRUE,100302235,s_m
hsa-miR-1179,0.0145,2.1669,0.0291,0.9771,0.9922,-6.2782,FALSE,100302235,s_c
hsa-miR-1179,-2.5995,2.1669,-2.3073,0.0349,0.988,-4.5843,TRUE,100302235,m_c
hsa-miR-1180-3p,-0.3204,1.4256,-0.3016,0.7669,0.9842,-4.8655,FALSE,100302256,s_m
hsa-miR-1180-3p,-1.1554,1.4256,-1.4116,0.1775,0.6841,-4.9646,FALSE,100302256,s_c
hsa-miR-1180-3p,-0.835,1.4256,-0.731,0.4755,0.988,-4.5968,FALSE,100302256,m_c
hsa-miR-1185-1-3p,-0.1516,2.1186,-0.15,0.8826,0.9953,-5.114,FALSE,100302157,s_m
hsa-miR-1185-1-3p,1.125,2.1186,1.155,0.2653,0.7409,-5.4295,FALSE,100302157,s_c
hsa-miR-1185-1-3p,1.2766,2.1186,1.0002,0.3323,0.988,-4.5952,FALSE,100302157,m_c
hsa-miR-1185-2-3p,0.1316,-0.1531,0.1268,0.9007,0.9953,-4.8687,FALSE,100302209,s_m
hsa-miR-1185-2-3p,0.6716,-0.1531,0.7369,0.472,0.8391,-5.4779,FALSE,100302209,s_c
hsa-miR-1185-2-3p,0.54,-0.1531,0.4372,0.6679,0.988,-4.5974,FALSE,100302209,m_c
hsa-miR-1185-5p,1.9253,-0.2432,1.4301,0.1722,0.852,-4.4671,FALSE,100302209,s_m
hsa-miR-1185-5p,0.6741,-0.2432,0.7159,0.4845,0.8405,-5.5462,FALSE,100302209,s_c
hsa-miR-1185-5p,-1.2512,-0.2432,-0.8246,0.4219,0.988,-4.5958,FALSE,100302209,m_c
hsa-miR-1197,-0.1093,-2.8135,-0.073,0.9427,0.9984,-4.792,FALSE,100302250,s_m
hsa-miR-1197,4.5204,-2.8135,2.5985,0.0195,0.4407,-3.1338,TRUE,100302250,s_c
hsa-miR-1197,4.6297,-2.8135,2.2034,0.0428,0.988,-4.5911,TRUE,100302250,m_c
hsa-miR-12136,-1.3821,5.7226,-2.0746,0.0547,0.7475,-3.8269,FALSE,113219467,s_m
hsa-miR-12136,-1.4054,5.7226,-2.4812,0.0247,0.4702,-3.8966,FALSE,113219467,s_c
hsa-miR-12136,-0.0232,5.7226,-0.0319,0.975,0.9962,-4.6148,FALSE,113219467,m_c
hsa-miR-122-3p,0.44,-1.4573,0.2528,0.8037,0.9842,-4.8118,FALSE,406906,s_m
hsa-miR-122-3p,0.2581,-1.4573,0.1577,0.8767,0.9574,-5.5543,FALSE,406906,s_c
hsa-miR-122-3p,-0.1819,-1.4573,-0.0879,0.931,0.9893,-4.5974,FALSE,406906,m_c
hsa-miR-122-5p,-1.1994,7.2161,-1.2144,0.2424,0.852,-4.9064,FALSE,406906,s_m
hsa-miR-122-5p,-1.3208,7.2161,-1.6169,0.1257,0.6349,-5.4873,FALSE,406906,s_c
hsa-miR-122-5p,-0.1214,7.2161,-0.1121,0.9122,0.988,-4.62,FALSE,406906,m_c
hsa-miR-1226-3p,0.4014,4.9299,0.943,0.3599,0.9068,-4.935,FALSE,100302232,s_m
hsa-miR-1226-3p,0.2647,4.9299,0.8149,0.4273,0.8212,-6.1717,FALSE,100302232,s_c
hsa-miR-1226-3p,-0.1367,4.9299,-0.2845,0.7798,0.988,-4.6065,FALSE,100302232,m_c
hsa-miR-1229-3p,3.0503,-1.1115,2.0434,0.0581,0.7475,-4.1917,FALSE,100302156,s_m
hsa-miR-1229-3p,1.193,-1.1115,1.0753,0.2984,0.7446,-5.1781,FALSE,100302156,s_c
hsa-miR-1229-3p,-1.8574,-1.1115,-1.0825,0.2953,0.988,-4.5948,FALSE,100302156,m_c
hsa-miR-1238-3p,0.8677,-1.7764,0.6632,0.5168,0.9196,-4.7171,FALSE,100302226,s_m
hsa-miR-1238-3p,2.7122,-1.7764,2.1247,0.0498,0.508,-3.7632,TRUE,100302226,s_c
hsa-miR-1238-3p,1.8445,-1.7764,1.0998,0.2879,0.988,-4.5948,FALSE,100302226,m_c
hsa-miR-1246,-2.1894,-0.7966,-1.4797,0.1586,0.852,-4.4365,FALSE,100302142,s_m
hsa-miR-1246,-1.2121,-0.7966,-0.8237,0.4224,0.8212,-5.2409,FALSE,100302142,s_c
hsa-miR-1246,0.9773,-0.7966,0.5792,0.5706,0.988,-4.5968,FALSE,100302142,m_c
hsa-miR-1247-5p,1.083,-2.265,0.6117,0.5495,0.9285,-4.7125,FALSE,100302145,s_m
hsa-miR-1247-5p,2.7481,-2.265,1.4947,0.1547,0.6478,-4.4976,FALSE,100302145,s_c
hsa-miR-1247-5p,1.6651,-2.265,0.7178,0.4833,0.988,-4.5958,FALSE,100302145,m_c
hsa-miR-1249-3p,0.3533,2.7421,0.4502,0.6587,0.9645,-4.9665,FALSE,100302149,s_m
hsa-miR-1249-3p,0.352,2.7421,0.5668,0.5788,0.877,-5.956,FALSE,100302149,s_c
hsa-miR-1249-3p,-0.0013,2.7421,-0.0014,0.9989,0.9989,-4.6009,FALSE,100302149,m_c
hsa-miR-1250-5p,1.5227,0.117,1.1244,0.2776,0.8904,-4.5914,FALSE,100302229,s_m
hsa-miR-1250-5p,0.9051,0.117,0.9393,0.3617,0.7974,-5.386,FALSE,100302229,s_c
hsa-miR-1250-5p,-0.6175,0.117,-0.4007,0.694,0.988,-4.5971,FALSE,100302229,m_c
hsa-miR-1255a,3.3407,0.7522,2.2988,0.0355,0.6914,-3.9165,TRUE,100302193,s_m
hsa-miR-1255a,1.0428,0.7522,1.0513,0.3089,0.7465,-5.4436,FALSE,100302193,s_c
hsa-miR-1255a,-2.2979,0.7522,-1.4,0.1809,0.988,-4.5923,FALSE,100302193,m_c
hsa-miR-1256,1.2156,-2.5797,0.8906,0.3865,0.9068,-4.6443,FALSE,100302155,s_m
hsa-miR-1256,-0.4249,-2.5797,-0.3868,0.7041,0.9185,-5.4467,FALSE,100302155,s_c
hsa-miR-1256,-1.6404,-2.5797,-1.0706,0.3004,0.988,-4.5949,FALSE,100302155,m_c
hsa-miR-125a-3p,0.0189,2.0718,0.0208,0.9837,0.9991,-5.0319,FALSE,406910,s_m
hsa-miR-125a-3p,-0.2236,2.0718,-0.3034,0.7655,0.9256,-6.055,FALSE,406910,s_c
hsa-miR-125a-3p,-0.2425,2.0718,-0.2348,0.8174,0.988,-4.6008,FALSE,406910,m_c
hsa-miR-125a-5p,0.0464,10.3319,0.1044,0.9182,0.9963,-5.7937,FALSE,406910,s_m
hsa-miR-125a-5p,-0.4849,10.3319,-1.3212,0.2053,0.706,-6.1767,FALSE,406910,s_c
hsa-miR-125a-5p,-0.5313,10.3319,-1.0625,0.304,0.988,-4.5918,FALSE,406910,m_c
hsa-miR-125b-2-3p,0.058,-0.8716,0.0433,0.966,0.9991,-4.8525,FALSE,406912,s_m
hsa-miR-125b-2-3p,1.7069,-0.8716,1.2422,0.2323,0.7175,-4.892,FALSE,406912,s_c
hsa-miR-125b-2-3p,1.6489,-0.8716,0.9586,0.3522,0.988,-4.5953,FALSE,406912,m_c
hsa-miR-125b-5p,-0.0977,7.1569,-0.2243,0.8254,0.985,-5.4844,FALSE,406911,s_m
hsa-miR-125b-5p,-0.2962,7.1569,-0.8854,0.3892,0.8109,-6.3906,FALSE,406911,s_c
hsa-miR-125b-5p,-0.1984,7.1569,-0.4093,0.6878,0.988,-4.614,FALSE,406911,m_c
hsa-miR-126-3p,0.4182,15.4951,2.87,0.0112,0.5633,-2.853,FALSE,406913,s_m
hsa-miR-126-3p,0.2347,15.4951,1.901,0.0757,0.56,-5.7295,FALSE,406913,s_c
hsa-miR-126-3p,-0.1835,15.4951,-1.0991,0.2882,0.988,-4.5862,FALSE,406913,m_c
hsa-miR-126-5p,0.0638,15.3071,0.3077,0.7623,0.9842,-6.1391,FALSE,406913,s_m
hsa-miR-126-5p,-0.1742,15.3071,-0.993,0.3357,0.7731,-6.9302,FALSE,406913,s_c
hsa-miR-126-5p,-0.2379,15.3071,-1.01,0.3277,0.988,-4.6009,FALSE,406913,m_c
hsa-miR-1260b,0.4375,1.2054,0.4633,0.6495,0.9632,-4.8407,FALSE,100422991,s_m
hsa-miR-1260b,-0.0218,1.2054,-0.0324,0.9746,0.9922,-5.9615,FALSE,100422991,s_c
hsa-miR-1260b,-0.4593,1.2054,-0.4402,0.6657,0.988,-4.598,FALSE,100422991,m_c
hsa-miR-127-3p,0.597,8.6671,1.5306,0.1456,0.8302,-4.6539,FALSE,406914,s_m
hsa-miR-127-3p,0.6846,8.6671,2.1705,0.0456,0.5073,-4.7617,FALSE,406914,s_c
hsa-miR-127-3p,0.0877,8.6671,0.197,0.8464,0.988,-4.6254,FALSE,406914,m_c
hsa-miR-127-5p,1.4486,0.7155,1.0407,0.3137,0.8932,-4.6304,FALSE,406914,s_m
hsa-miR-127-5p,1.0166,0.7155,1.0847,0.2943,0.7446,-5.3556,FALSE,406914,s_c
hsa-miR-127-5p,-0.432,0.7155,-0.2747,0.7871,0.988,-4.5977,FALSE,406914,m_c
hsa-miR-1270,0.2323,0.5541,0.253,0.8036,0.9842,-4.8938,FALSE,100302179,s_m
hsa-miR-1270,-0.3092,0.5541,-0.4036,0.6919,0.9185,-5.7757,FALSE,100302179,s_c
hsa-miR-1270,-0.5415,0.5541,-0.5213,0.6094,0.988,-4.5978,FALSE,100302179,m_c
hsa-miR-1271-5p,-0.0719,3.3244,-0.0949,0.9256,0.9963,-5.1559,FALSE,100302203,s_m
hsa-miR-1271-5p,0.0506,3.3244,0.0875,0.9314,0.9803,-6.3465,FALSE,100302203,s_c
hsa-miR-1271-5p,0.1225,3.3244,0.1445,0.8869,0.988,-4.6041,FALSE,100302203,m_c
hsa-miR-1273h-3p,-0.8479,-0.3144,-0.9474,0.3577,0.9068,-4.6763,FALSE,102466247,s_m
hsa-miR-1273h-3p,1.5022,-0.3144,1.5342,0.1448,0.6435,-4.5562,FALSE,102466247,s_c
hsa-miR-1273h-3p,2.3501,-0.3144,2.02,0.0607,0.988,-4.5893,FALSE,102466247,m_c
hsa-miR-1273h-5p,-0.3609,-1.8655,-0.3517,0.7297,0.9823,-4.7578,FALSE,102466247,s_m
hsa-miR-1273h-5p,0.3036,-1.8655,0.32,0.7531,0.9256,-5.4193,FALSE,102466247,s_c
hsa-miR-1273h-5p,0.6644,-1.8655,0.5495,0.5904,0.988,-4.5963,FALSE,102466247,m_c
hsa-miR-1277-3p,0.8703,1.3408,0.724,0.4797,0.9196,-4.7379,FALSE,100302214,s_m
hsa-miR-1277-3p,0.4794,1.3408,0.5812,0.5693,0.8764,-5.7308,FALSE,100302214,s_c
hsa-miR-1277-3p,-0.3909,1.3408,-0.2919,0.7742,0.988,-4.5978,FALSE,100302214,m_c
hsa-miR-1277-5p,-0.4334,-1.2419,-0.3638,0.7209,0.9785,-4.7651,FALSE,100302214,s_m
hsa-miR-1277-5p,0.408,-1.2419,0.3863,0.7044,0.9185,-5.458,FALSE,100302214,s_c
hsa-miR-1277-5p,0.8415,-1.2419,0.6043,0.5543,0.988,-4.5963,FALSE,100302214,m_c
hsa-miR-1278,2.8812,-3.1682,2.0501,0.0573,0.7475,-4.2428,FALSE,100302163,s_m
hsa-miR-1278,5.0302,-3.1682,3.426,0.0035,0.2809,-1.9911,TRUE,100302163,s_c
hsa-miR-1278,2.149,-3.1682,1.1318,0.2746,0.988,-4.5948,FALSE,100302163,m_c
hsa-miR-128-1-5p,1.6336,-0.0408,1.0946,0.2901,0.8904,-4.6006,FALSE,406915,s_m
hsa-miR-128-1-5p,-0.467,-0.0408,-0.4975,0.6257,0.8855,-5.7689,FALSE,406915,s_c
hsa-miR-128-1-5p,-2.1006,-0.0408,-1.3054,0.2104,0.988,-4.5935,FALSE,406915,m_c
hsa-miR-128-3p,0.2044,9.0769,0.7982,0.4366,0.9196,-5.4032,FALSE,406915,s_m
hsa-miR-128-3p,0.2403,9.0769,1.1497,0.2674,0.7409,-6.2817,FALSE,406915,s_c
hsa-miR-128-3p,0.0359,9.0769,0.1234,0.9033,0.988,-4.6283,FALSE,406915,m_c
hsa-miR-1284,-0.1616,1.0041,-0.2035,0.8414,0.985,-4.9045,FALSE,100302112,s_m
hsa-miR-1284,-0.0599,1.0041,-0.0954,0.9252,0.9803,-5.9114,FALSE,100302112,s_c
hsa-miR-1284,0.1017,1.0041,0.1139,0.9107,0.988,-4.599,FALSE,100302112,m_c
hsa-miR-1285-3p,0.1075,0.0156,0.1268,0.9007,0.9953,-4.8368,FALSE,100302268,s_m
hsa-miR-1285-3p,-0.0225,0.0156,-0.0336,0.9736,0.9922,-5.7577,FALSE,100302268,s_c
hsa-miR-1285-3p,-0.13,0.0156,-0.136,0.8936,0.988,-4.5978,FALSE,100302268,m_c
hsa-miR-1287-3p,2.0269,-3.6064,1.2508,0.2292,0.852,-4.5461,FALSE,100302133,s_m
hsa-miR-1287-3p,2.8163,-3.6064,1.74,0.1013,0.5991,-4.2174,FALSE,100302133,s_c
hsa-miR-1287-3p,0.7894,-3.6064,0.3803,0.7088,0.988,-4.5962,FALSE,100302133,m_c
hsa-miR-1287-5p,0.0095,4.1022,0.015,0.9882,0.9991,-5.2146,FALSE,100302133,s_m
hsa-miR-1287-5p,0.566,4.1022,1.0709,0.3003,0.7446,-5.7693,FALSE,100302133,s_c
hsa-miR-1287-5p,0.5565,4.1022,0.758,0.4596,0.988,-4.5993,FALSE,100302133,m_c
hsa-miR-1292-5p,0.7435,0.8639,0.6582,0.5199,0.9196,-4.8294,FALSE,100302138,s_m
hsa-miR-1292-5p,0.3228,0.8639,0.3518,0.7297,0.9256,-5.8814,FALSE,100302138,s_c
hsa-miR-1292-5p,-0.4208,0.8639,-0.3203,0.7529,0.988,-4.5988,FALSE,100302138,m_c
hsa-miR-1294,0.1174,1.6304,0.1458,0.8859,0.9953,-5.0126,FALSE,100302181,s_m
hsa-miR-1294,0.0134,1.6304,0.0195,0.9847,0.9922,-6.0336,FALSE,100302181,s_c
hsa-miR-1294,-0.104,1.6304,-0.1122,0.912,0.988,-4.6006,FALSE,100302181,m_c
hsa-miR-1296-5p,-0.5134,1.3393,-0.605,0.5538,0.9285,-4.8413,FALSE,100302150,s_m
hsa-miR-1296-5p,-0.1752,1.3393,-0.2622,0.7966,0.9314,-5.9246,FALSE,100302150,s_c
hsa-miR-1296-5p,0.3382,1.3393,0.3564,0.7262,0.988,-4.5989,FALSE,100302150,m_c
hsa-miR-1301-3p,0.499,6.8714,1.5778,0.1344,0.8163,-4.4798,FALSE,100302246,s_m
hsa-miR-1301-3p,0.6279,6.8714,2.5505,0.0215,0.4407,-3.9094,FALSE,100302246,s_c
hsa-miR-1301-3p,0.1289,6.8714,0.3591,0.7243,0.988,-4.6135,FALSE,100302246,m_c
hsa-miR-1304-3p,-2.4645,-0.5172,-1.3199,0.2057,0.852,-4.5124,FALSE,100302240,s_m
hsa-miR-1304-3p,-1.8074,-0.5172,-1.1811,0.255,0.7269,-5.0483,FALSE,100302240,s_c
hsa-miR-1304-3p,0.657,-0.5172,0.331,0.745,0.988,-4.5976,FALSE,100302240,m_c
hsa-miR-1304-5p,-0.0511,5.103,-0.1193,0.9066,0.9953,-5.2968,FALSE,100302240,s_m
hsa-miR-1304-5p,0.0764,5.103,0.2289,0.8219,0.9396,-6.5002,FALSE,100302240,s_c
hsa-miR-1304-5p,0.1275,5.103,0.2641,0.7951,0.988,-4.6076,FALSE,100302240,m_c
hsa-miR-1306-3p,0.7873,2.8443,0.9907,0.3368,0.8985,-4.7702,FALSE,100302197,s_m
hsa-miR-1306-3p,0.2003,2.8443,0.3447,0.7349,0.9256,-6.2167,FALSE,100302197,s_c
hsa-miR-1306-3p,-0.587,2.8443,-0.6593,0.5192,0.988,-4.5991,FALSE,100302197,m_c
hsa-miR-1306-5p,0.0566,7.2371,0.1898,0.8519,0.9863,-5.5084,FALSE,100302197,s_m
hsa-miR-1306-5p,0.0667,7.2371,0.2862,0.7784,0.9258,-6.7528,FALSE,100302197,s_c
hsa-miR-1306-5p,0.0101,7.2371,0.0301,0.9764,0.9964,-4.6184,FALSE,100302197,m_c
hsa-miR-1307-3p,0.8309,8.9029,2.4343,0.0272,0.677,-3.3588,FALSE,100302174,s_m
hsa-miR-1307-3p,0.9182,8.9029,3.2707,0.0049,0.2992,-2.6391,FALSE,100302174,s_c
hsa-miR-1307-3p,0.0873,8.9029,0.2226,0.8267,0.988,-4.6255,FALSE,100302174,m_c
hsa-miR-1307-5p,1.2166,-0.5677,1.0377,0.3151,0.8932,-4.6214,FALSE,100302174,s_m
hsa-miR-1307-5p,1.508,-0.5677,1.6032,0.1287,0.6349,-4.5654,FALSE,100302174,s_c
hsa-miR-1307-5p,0.2914,-0.5677,0.2105,0.836,0.988,-4.5972,FALSE,100302174,m_c
hsa-miR-130a-3p,-0.3704,14.4387,-1.6055,0.1282,0.8163,-4.9281,FALSE,406919,s_m
hsa-miR-130a-3p,-0.0791,14.4387,-0.3921,0.7002,0.9185,-7.2691,FALSE,406919,s_c
hsa-miR-130a-3p,0.2913,14.4387,1.1,0.2878,0.988,-4.5863,FALSE,406919,m_c
hsa-miR-130b-3p,-0.2283,9.0677,-0.7646,0.4558,0.9196,-5.4405,FALSE,406920,s_m
hsa-miR-130b-3p,0.2151,9.0677,0.8535,0.4062,0.8174,-6.5578,FALSE,406920,s_c
hsa-miR-130b-3p,0.4433,9.0677,1.2983,0.2128,0.988,-4.5756,FALSE,406920,m_c
hsa-miR-130b-5p,1.1292,4.0893,1.2969,0.2133,0.852,-4.5989,FALSE,406920,s_m
hsa-miR-130b-5p,0.467,4.0893,0.8107,0.4296,0.8212,-6.1722,FALSE,406920,s_c
hsa-miR-130b-5p,-0.6622,4.0893,-0.6901,0.5002,0.988,-4.6001,FALSE,406920,m_c
hsa-miR-132-3p,-1.015,3.9289,-2.3333,0.0332,0.6792,-3.5293,FALSE,406921,s_m
hsa-miR-132-3p,-0.0942,3.9289,-0.2474,0.8078,0.9314,-6.259,FALSE,406921,s_c
hsa-miR-132-3p,0.9208,3.9289,1.8389,0.0848,0.988,-4.5756,FALSE,406921,m_c
hsa-miR-132-5p,1.2223,1.9237,1.26,0.226,0.852,-4.5408,FALSE,406921,s_m
hsa-miR-132-5p,0.1784,1.9237,0.3095,0.761,0.9256,-6.0784,FALSE,406921,s_c
hsa-miR-132-5p,-1.0439,1.9237,-0.9968,0.3339,0.988,-4.5952,FALSE,406921,m_c
hsa-miR-133a-3p,0.2964,1.3212,0.2615,0.7971,0.9842,-4.9578,FALSE,406922,s_m
hsa-miR-133a-3p,0.8153,1.3212,0.8675,0.3986,0.8136,-5.6198,FALSE,406922,s_c
hsa-miR-133a-3p,0.519,1.3212,0.3849,0.7054,0.988,-4.5989,FALSE,406922,m_c
hsa-miR-133a-5p,0.8071,-4.2546,0.4011,0.6937,0.9774,-4.7266,FALSE,406922,s_m
hsa-miR-133a-5p,2.554,-4.2546,1.2354,0.2347,0.7175,-4.7217,FALSE,406922,s_c
hsa-miR-133a-5p,1.747,-4.2546,0.6805,0.5061,0.988,-4.5958,FALSE,406922,m_c
hsa-miR-134-3p,0.6916,-0.2613,0.493,0.6288,0.9486,-4.7687,FALSE,406924,s_m
hsa-miR-134-3p,0.5187,-0.2613,0.4921,0.6294,0.8874,-5.623,FALSE,406924,s_c
hsa-miR-134-3p,-0.1729,-0.2613,-0.1085,0.915,0.988,-4.5975,FALSE,406924,m_c
hsa-miR-134-5p,-0.1401,4.6212,-0.1675,0.8691,0.9893,-5.3569,FALSE,406924,s_m
hsa-miR-134-5p,0.1623,4.6212,0.2367,0.8159,0.9355,-6.5314,FALSE,406924,s_c
hsa-miR-134-5p,0.3024,4.6212,0.316,0.7562,0.988,-4.609,FALSE,406924,m_c
hsa-miR-1343-3p,1.5381,3.4565,1.8961,0.0764,0.7793,-4.0643,FALSE,100616437,s_m
hsa-miR-1343-3p,0.9012,3.4565,1.5937,0.1308,0.6349,-5.0681,FALSE,100616437,s_c
hsa-miR-1343-3p,-0.6369,3.4565,-0.697,0.4959,0.988,-4.5984,FALSE,100616437,m_c
hsa-miR-135a-3p,2.4439,-3.1158,1.6865,0.1114,0.8163,-4.3915,FALSE,406925,s_m
hsa-miR-135a-3p,3.3323,-3.1158,2.3116,0.0346,0.4809,-3.507,TRUE,406925,s_c
hsa-miR-135a-3p,0.8883,-3.1158,0.4712,0.644,0.988,-4.5961,FALSE,406925,m_c
hsa-miR-135a-5p,-0.1697,1.0492,-0.1886,0.8528,0.9863,-4.9082,FALSE,406925,s_m
hsa-miR-135a-5p,-0.5609,1.0492,-0.8128,0.4284,0.8212,-5.6267,FALSE,406925,s_c
hsa-miR-135a-5p,-0.3913,1.0492,-0.3968,0.6969,0.988,-4.5986,FALSE,406925,m_c
hsa-miR-136-3p,-0.3873,2.6133,-0.3803,0.7088,0.9785,-5.0235,FALSE,406927,s_m
hsa-miR-136-3p,1.2521,2.6133,1.3405,0.1991,0.7021,-5.1916,FALSE,406927,s_c
hsa-miR-136-3p,1.6394,2.6133,1.2966,0.2134,0.988,-4.5917,FALSE,406927,m_c
hsa-miR-136-5p,1.5024,0.5257,1.0537,0.3079,0.8904,-4.6221,FALSE,406927,s_m
hsa-miR-136-5p,0.9677,0.5257,0.9909,0.3367,0.7731,-5.408,FALSE,406927,s_c
hsa-miR-136-5p,-0.5347,0.5257,-0.3317,0.7445,0.988,-4.5975,FALSE,406927,m_c
hsa-miR-138-5p,0.3968,0.0854,0.3647,0.7202,0.9785,-4.8604,FALSE,406930,s_m
hsa-miR-138-5p,0.301,0.0854,0.3222,0.7515,0.9256,-5.7431,FALSE,406930,s_c
hsa-miR-138-5p,-0.0958,0.0854,-0.0751,0.9411,0.9897,-4.5984,FALSE,406930,m_c
hsa-miR-139-3p,-0.2314,4.8163,-0.4801,0.6377,0.9525,-5.1561,FALSE,406931,s_m
hsa-miR-139-3p,-1.2083,4.8163,-3.5272,0.0028,0.2524,-1.7959,FALSE,406931,s_c
hsa-miR-139-3p,-0.9769,4.8163,-1.8969,0.0763,0.988,-4.5684,FALSE,406931,m_c
hsa-miR-139-5p,-0.3659,11.2675,-1.0622,0.3041,0.8904,-5.3509,FALSE,406931,s_m
hsa-miR-139-5p,-0.6194,11.2675,-2.1217,0.05,0.508,-5.0268,FALSE,406931,s_c
hsa-miR-139-5p,-0.2535,11.2675,-0.6523,0.5236,0.988,-4.6245,FALSE,406931,m_c
hsa-miR-140-3p,-0.1775,7.6822,-0.572,0.5753,0.934,-5.4213,FALSE,406932,s_m
hsa-miR-140-3p,0.0957,7.6822,0.3868,0.7041,0.9185,-6.7489,FALSE,406932,s_c
hsa-miR-140-3p,0.2732,7.6822,0.7806,0.4466,0.988,-4.6051,FALSE,406932,m_c
hsa-miR-140-5p,0.8465,9.7129,3.2883,0.0047,0.4377,-1.9252,FALSE,406932,s_m
hsa-miR-140-5p,0.2436,9.7129,1.197,0.249,0.7225,-6.288,FALSE,406932,s_c
hsa-miR-140-5p,-0.6029,9.7129,-2.0766,0.0545,0.988,-4.5047,FALSE,406932,m_c
hsa-miR-141-3p,0.3241,4.4892,0.6961,0.4965,0.9196,-5.0442,FALSE,406933,s_m
hsa-miR-141-3p,0.0461,4.4892,0.1295,0.8986,0.9711,-6.4337,FALSE,406933,s_c
hsa-miR-141-3p,-0.278,4.4892,-0.5319,0.6022,0.988,-4.6029,FALSE,406933,m_c
hsa-miR-141-5p,1.0924,-3.3817,0.6762,0.5087,0.9196,-4.6871,FALSE,406933,s_m
hsa-miR-141-5p,2.2197,-3.3817,1.3871,0.1847,0.6951,-4.5981,FALSE,406933,s_c
hsa-miR-141-5p,1.1272,-3.3817,0.557,0.5853,0.988,-4.596,FALSE,406933,m_c
hsa-miR-142-3p,0.7245,12.1259,1.9591,0.068,0.776,-4.2491,FALSE,406934,s_m
hsa-miR-142-3p,0.3151,12.1259,1.0233,0.3216,0.7706,-6.655,FALSE,406934,s_c
hsa-miR-142-3p,-0.4093,12.1259,-0.9687,0.3473,0.988,-4.6009,FALSE,406934,m_c
hsa-miR-142-5p,-0.0765,12.7881,-0.3619,0.7222,0.9785,-5.9305,FALSE,406934,s_m
hsa-miR-142-5p,-0.29,12.7881,-1.6222,0.1246,0.6349,-5.9498,FALSE,406934,s_c
hsa-miR-142-5p,-0.2135,12.7881,-0.8909,0.3863,0.988,-4.6103,FALSE,406934,m_c
hsa-miR-143-3p,-0.3274,9.4929,-0.7439,0.4679,0.9196,-5.5181,FALSE,406935,s_m
hsa-miR-143-3p,1.0688,9.4929,2.7091,0.0156,0.4019,-3.7781,FALSE,406935,s_c
hsa-miR-143-3p,1.3963,9.4929,2.6917,0.0162,0.988,-4.44,FALSE,406935,m_c
hsa-miR-143-5p,1.2435,-4.4035,0.6529,0.5254,0.9196,-4.7028,FALSE,406935,s_m
hsa-miR-143-5p,5.0085,-4.4035,2.398,0.0325,0.4809,-3.457,TRUE,406935,s_c
hsa-miR-143-5p,3.765,-4.4035,1.4841,0.162,0.988,-4.5938,FALSE,406935,m_c
hsa-miR-144-3p,-2.3601,7.2229,-4.2626,6e-04,0.1627,-0.4459,TRUE,406936,s_m
hsa-miR-144-3p,-2.0542,7.2229,-4.3991,5e-04,0.2115,-0.1681,TRUE,406936,s_c
hsa-miR-144-3p,0.3059,7.2229,0.5139,0.6144,0.988,-4.6147,FALSE,406936,m_c
hsa-miR-144-5p,-3.0447,-0.7321,-1.4155,0.1763,0.852,-4.4805,FALSE,406936,s_m
hsa-miR-144-5p,-1.0538,-0.7321,-0.5166,0.6126,0.8824,-5.349,FALSE,406936,s_c
hsa-miR-144-5p,1.991,-0.7321,0.8115,0.4292,0.988,-4.5958,FALSE,406936,m_c
hsa-miR-145-3p,-0.663,6.2023,-1.5175,0.1489,0.8368,-4.5315,FALSE,406937,s_m
hsa-miR-145-3p,0.5844,6.2023,1.5777,0.1344,0.6349,-5.4323,FALSE,406937,s_c
hsa-miR-145-3p,1.2474,6.2023,2.4558,0.026,0.988,-4.528,FALSE,406937,m_c
hsa-miR-145-5p,0.3493,8.7679,0.7534,0.4623,0.9196,-5.4193,FALSE,406937,s_m
hsa-miR-145-5p,1.0778,8.7679,2.79,0.0132,0.4019,-3.5868,FALSE,406937,s_c
hsa-miR-145-5p,0.7286,8.7679,1.3586,0.1934,0.988,-4.5729,FALSE,406937,m_c
hsa-miR-1468-5p,-0.0703,3.009,-0.0986,0.9227,0.9963,-5.1343,FALSE,100302115,s_m
hsa-miR-1468-5p,-0.1427,3.009,-0.2567,0.8007,0.9314,-6.2664,FALSE,100302115,s_c
hsa-miR-1468-5p,-0.0724,3.009,-0.0902,0.9292,0.9889,-4.6036,FALSE,100302115,m_c
hsa-miR-146a-5p,-0.2035,13.9177,-0.5137,0.6146,0.9404,-5.9766,FALSE,406938,s_m
hsa-miR-146a-5p,-0.1381,13.9177,-0.4011,0.6938,0.9185,-7.2444,FALSE,406938,s_c
hsa-miR-146a-5p,0.0654,13.9177,0.1442,0.8872,0.988,-4.6707,FALSE,406938,m_c
hsa-miR-146b-3p,0.1403,-2.5818,0.087,0.9318,0.9963,-4.8055,FALSE,574447,s_m
hsa-miR-146b-3p,2.8375,-2.5818,1.5132,0.15,0.6435,-4.4786,FALSE,574447,s_c
hsa-miR-146b-3p,2.6972,-2.5818,1.2227,0.2394,0.988,-4.5944,FALSE,574447,m_c
hsa-miR-146b-5p,0.1534,11.2555,0.5863,0.566,0.9312,-5.7132,FALSE,574447,s_m
hsa-miR-146b-5p,-0.1653,11.2555,-0.756,0.4608,0.8391,-6.8292,FALSE,574447,s_c
hsa-miR-146b-5p,-0.3188,11.2555,-1.074,0.2989,0.988,-4.5906,FALSE,574447,m_c
hsa-miR-148a-3p,0.4166,11.5231,1.7741,0.0953,0.8163,-4.4929,FALSE,406940,s_m
hsa-miR-148a-3p,0.2725,11.5231,1.38,0.1868,0.6994,-6.1868,FALSE,406940,s_c
hsa-miR-148a-3p,-0.1441,11.5231,-0.5366,0.599,0.988,-4.6311,FALSE,406940,m_c
hsa-miR-148a-5p,0.8442,-1.1662,0.7082,0.4892,0.9196,-4.7128,FALSE,406940,s_m
hsa-miR-148a-5p,1.8034,-1.1662,1.7326,0.1026,0.5991,-4.3334,FALSE,406940,s_c
hsa-miR-148a-5p,0.9592,-1.1662,0.6643,0.5161,0.988,-4.5962,FALSE,406940,m_c
hsa-miR-148b-3p,-0.4152,11.6082,-1.8142,0.0887,0.8094,-4.4531,FALSE,442892,s_m
hsa-miR-148b-3p,-0.1398,11.6082,-0.7032,0.4921,0.8428,-6.873,FALSE,442892,s_c
hsa-miR-148b-3p,0.2754,11.6082,1.0515,0.3089,0.988,-4.5927,FALSE,442892,m_c
hsa-miR-148b-5p,0.8187,1.0973,0.6731,0.5106,0.9196,-4.8015,FALSE,442892,s_m
hsa-miR-148b-5p,0.389,1.0973,0.4415,0.6649,0.9069,-5.8944,FALSE,442892,s_c
hsa-miR-148b-5p,-0.4297,1.0973,-0.3113,0.7597,0.988,-4.5985,FALSE,442892,m_c
hsa-miR-149-5p,2.4733,0.8798,2.3506,0.0321,0.677,-4.0026,TRUE,406941,s_m
hsa-miR-149-5p,0.3489,0.8798,0.5663,0.5791,0.877,-5.8115,FALSE,406941,s_c
hsa-miR-149-5p,-2.1244,0.8798,-1.8665,0.0807,0.988,-4.5898,FALSE,406941,m_c
hsa-miR-150-3p,-1.1341,0.3623,-0.8512,0.4074,0.9194,-4.6795,FALSE,406942,s_m
hsa-miR-150-3p,-1.7507,0.3623,-1.8181,0.0881,0.5792,-4.3326,FALSE,406942,s_c
hsa-miR-150-3p,-0.6166,0.3623,-0.4415,0.6649,0.988,-4.5973,FALSE,406942,m_c
hsa-miR-150-5p,-1.9348,8.7534,-3.5164,0.0029,0.4377,-1.5356,FALSE,406942,s_m
hsa-miR-150-5p,-1.1131,8.7534,-2.2924,0.036,0.4809,-4.4952,FALSE,406942,s_c
hsa-miR-150-5p,0.8217,8.7534,1.3289,0.2027,0.988,-4.573,FALSE,406942,m_c
hsa-miR-151a-3p,0.536,11.9266,2.143,0.048,0.7475,-3.9545,FALSE,442893,s_m
hsa-miR-151a-3p,0.1562,11.9266,0.7463,0.4664,0.8391,-6.8895,FALSE,442893,s_c
hsa-miR-151a-3p,-0.3799,11.9266,-1.3315,0.2019,0.988,-4.5617,FALSE,442893,m_c
hsa-miR-151a-5p,0.8038,11.5537,2.8335,0.0121,0.5633,-2.7554,FALSE,442893,s_m
hsa-miR-151a-5p,0.3714,11.5537,1.5777,0.1345,0.6349,-5.9293,FALSE,442893,s_c
hsa-miR-151a-5p,-0.4324,11.5537,-1.3343,0.201,0.988,-4.5634,FALSE,442893,m_c
hsa-miR-151b,0.2878,5.9723,0.6751,0.5094,0.9196,-5.1882,FALSE,100616247,s_m
hsa-miR-151b,-0.0324,5.9723,-0.1031,0.9192,0.9793,-6.6685,FALSE,100616247,s_c
hsa-miR-151b,-0.3202,5.9723,-0.677,0.5082,0.988,-4.6041,FALSE,100616247,m_c
hsa-miR-152-3p,0.215,11.0556,0.909,0.377,0.9068,-5.4701,FALSE,406943,s_m
hsa-miR-152-3p,0.0494,11.0556,0.2473,0.8078,0.9314,-7.0651,FALSE,406943,s_c
hsa-miR-152-3p,-0.1656,11.0556,-0.6135,0.5483,0.988,-4.6248,FALSE,406943,m_c
hsa-miR-153-3p,0.8087,-2.9966,0.4522,0.6573,0.9645,-4.7295,FALSE,406944,s_m
hsa-miR-153-3p,0.7229,-2.9966,0.4445,0.6627,0.9056,-5.3422,FALSE,406944,s_c
hsa-miR-153-3p,-0.0858,-2.9966,-0.0403,0.9683,0.9958,-4.5966,FALSE,406944,m_c
hsa-miR-1537-3p,0.4502,-0.1713,0.3111,0.7598,0.9842,-4.7978,FALSE,100302139,s_m
hsa-miR-1537-3p,-0.333,-0.1713,-0.3277,0.7474,0.9256,-5.7526,FALSE,100302139,s_c
hsa-miR-1537-3p,-0.7832,-0.1713,-0.493,0.6288,0.988,-4.597,FALSE,100302139,m_c
hsa-miR-1538,1.0976,1.5527,1.349,0.1964,0.852,-4.4943,FALSE,100302119,s_m
hsa-miR-1538,-0.3288,1.5527,-0.5718,0.5755,0.8764,-5.7981,FALSE,100302119,s_c
hsa-miR-1538,-1.4264,1.5527,-1.5991,0.1296,0.988,-4.5903,FALSE,100302119,m_c
hsa-miR-154-3p,0.2622,2.7975,0.2705,0.7903,0.9842,-5.078,FALSE,406946,s_m
hsa-miR-154-3p,0.905,2.7975,1.1543,0.2655,0.7409,-5.5606,FALSE,406946,s_c
hsa-miR-154-3p,0.6428,2.7975,0.5664,0.5791,0.988,-4.5999,FALSE,406946,m_c
hsa-miR-154-5p,-0.6676,3.6087,-0.5772,0.5719,0.934,-5.175,FALSE,406946,s_m
hsa-miR-154-5p,0.9155,3.6087,0.849,0.4086,0.8192,-5.9948,FALSE,406946,s_c
hsa-miR-154-5p,1.5831,3.6087,1.1092,0.284,0.988,-4.5928,FALSE,406946,m_c
hsa-miR-155-5p,0.5569,4.0875,1.08,0.2963,0.8904,-4.7657,FALSE,406947,s_m
hsa-miR-155-5p,-0.0338,4.0875,-0.091,0.9286,0.9803,-6.4186,FALSE,406947,s_c
hsa-miR-155-5p,-0.5908,4.0875,-1.0363,0.3157,0.988,-4.5945,FALSE,406947,m_c
hsa-miR-15a-5p,0.1757,11.5228,0.8065,0.4319,0.9196,-5.589,FALSE,406948,s_m
hsa-miR-15a-5p,0.2358,11.5228,1.2688,0.2229,0.7175,-6.3198,FALSE,406948,s_c
hsa-miR-15a-5p,0.0601,11.5228,0.2405,0.813,0.988,-4.643,FALSE,406948,m_c
hsa-miR-15b-3p,-0.6869,4.4254,-1.0779,0.2973,0.8904,-4.7957,FALSE,406949,s_m
hsa-miR-15b-3p,0.0014,4.4254,0.0027,0.9979,0.9982,-6.4055,FALSE,406949,s_c
hsa-miR-15b-3p,0.6883,4.4254,0.9596,0.3517,0.988,-4.596,FALSE,406949,m_c
hsa-miR-15b-5p,0.6957,15.5712,3.2498,0.0051,0.4377,-2.1248,FALSE,406949,s_m
hsa-miR-15b-5p,0.2182,15.5712,1.2269,0.2378,0.7175,-6.7085,FALSE,406949,s_c
hsa-miR-15b-5p,-0.4775,15.5712,-1.9561,0.0684,0.988,-4.4058,FALSE,406949,m_c
hsa-miR-16-2-3p,-0.0643,2.8991,-0.0557,0.9563,0.9991,-5.0601,FALSE,406951,s_m
hsa-miR-16-2-3p,0.7611,2.8991,0.7997,0.4357,0.8259,-5.8128,FALSE,406951,s_c
hsa-miR-16-2-3p,0.8254,2.8991,0.6027,0.5552,0.988,-4.5989,FALSE,406951,m_c
hsa-miR-16-5p,0.2784,17.2759,1.6343,0.122,0.8163,-5.0413,FALSE,406950,s_m
hsa-miR-16-5p,0.0453,17.2759,0.3064,0.7633,0.9256,-7.4873,FALSE,406950,s_c
hsa-miR-16-5p,-0.2331,17.2759,-1.1989,0.2482,0.988,-4.5652,FALSE,406950,m_c
hsa-miR-17-3p,0.3222,7.5077,0.9677,0.3478,0.9068,-5.1274,FALSE,406952,s_m
hsa-miR-17-3p,0.3498,7.5077,1.3623,0.1922,0.702,-5.9001,FALSE,406952,s_c
hsa-miR-17-3p,0.0275,7.5077,0.0735,0.9423,0.9897,-4.6188,FALSE,406952,m_c
hsa-miR-17-5p,-0.0088,12.5841,-0.0345,0.9729,0.9991,-5.9882,FALSE,406952,s_m
hsa-miR-17-5p,0.2229,12.5841,1.0084,0.3285,0.7731,-6.6842,FALSE,406952,s_c
hsa-miR-17-5p,0.2317,12.5841,0.7894,0.4416,0.988,-4.6191,FALSE,406952,m_c
hsa-miR-181a-2-3p,1.0129,6.7808,2.1007,0.0521,0.7475,-3.7948,FALSE,406954,s_m
hsa-miR-181a-2-3p,0.4348,6.7808,1.226,0.2382,0.7175,-6.0117,FALSE,406954,s_c
hsa-miR-181a-2-3p,-0.578,6.7808,-1.0728,0.2995,0.988,-4.5928,FALSE,406954,m_c
hsa-miR-181a-3p,0.8564,5.8184,1.3095,0.2091,0.852,-4.7244,FALSE,406995,s_m
hsa-miR-181a-3p,0.8019,5.8184,1.5414,0.143,0.6435,-5.491,FALSE,406995,s_c
hsa-miR-181a-3p,-0.0546,5.8184,-0.0725,0.9431,0.9897,-4.6122,FALSE,406995,m_c
hsa-miR-181a-5p,-0.4634,12.1716,-1.4306,0.172,0.852,-5.0404,FALSE,406954,s_m
hsa-miR-181a-5p,0.3341,12.1716,1.1344,0.2735,0.7446,-6.5139,FALSE,406954,s_c
hsa-miR-181a-5p,0.7975,12.1716,2.1076,0.0514,0.988,-4.4449,FALSE,406954,m_c
hsa-miR-181b-2-3p,0.3512,-1.9089,0.2046,0.8405,0.985,-4.7841,FALSE,406956,s_m
hsa-miR-181b-2-3p,4.477,-1.9089,2.2757,0.0372,0.4809,-3.5596,TRUE,406956,s_c
hsa-miR-181b-2-3p,4.1258,-1.9089,1.7265,0.1038,0.988,-4.5928,FALSE,406956,m_c
hsa-miR-181b-5p,-0.3322,7.5987,-0.6641,0.5162,0.9196,-5.4243,FALSE,406955,s_m
hsa-miR-181b-5p,0.1339,7.5987,0.3111,0.7598,0.9256,-6.7665,FALSE,406955,s_c
hsa-miR-181b-5p,0.4661,7.5987,0.8106,0.4296,0.988,-4.6049,FALSE,406955,m_c
hsa-miR-181c-3p,0.3831,5.6571,0.8866,0.3886,0.9068,-4.9998,FALSE,406957,s_m
hsa-miR-181c-3p,0.0318,5.6571,0.1038,0.9186,0.9793,-6.6201,FALSE,406957,s_c
hsa-miR-181c-3p,-0.3513,5.6571,-0.7356,0.4727,0.988,-4.6015,FALSE,406957,m_c
hsa-miR-181c-5p,0.453,3.2349,0.6439,0.5289,0.9196,-4.9866,FALSE,406957,s_m
hsa-miR-181c-5p,0.1897,3.2349,0.3695,0.7167,0.922,-6.2808,FALSE,406957,s_c
hsa-miR-181c-5p,-0.2633,3.2349,-0.3342,0.7426,0.988,-4.6025,FALSE,406957,m_c
hsa-miR-181d-3p,-0.1752,-2.409,-0.1286,0.8993,0.9953,-4.7682,FALSE,574457,s_m
hsa-miR-181d-3p,1.8189,-2.409,1.3274,0.2032,0.7021,-4.6828,FALSE,574457,s_c
hsa-miR-181d-3p,1.9941,-2.409,1.1621,0.2624,0.988,-4.5946,FALSE,574457,m_c
hsa-miR-181d-5p,0.3139,3.6573,0.4568,0.654,0.9645,-5.1186,FALSE,574457,s_m
hsa-miR-181d-5p,0.158,3.6573,0.3039,0.7652,0.9256,-6.364,FALSE,574457,s_c
hsa-miR-181d-5p,-0.1559,3.6573,-0.2016,0.8428,0.988,-4.6048,FALSE,574457,m_c
hsa-miR-182-5p,0.5106,2.7359,0.6202,0.5439,0.9255,-4.9029,FALSE,406958,s_m
hsa-miR-182-5p,-0.0232,2.7359,-0.043,0.9662,0.9922,-6.2777,FALSE,406958,s_c
hsa-miR-182-5p,-0.5339,2.7359,-0.5932,0.5615,0.988,-4.599,FALSE,406958,m_c
hsa-miR-183-5p,-1.7714,0.8439,-1.908,0.0747,0.7793,-4.1217,FALSE,406959,s_m
hsa-miR-183-5p,-1.3347,0.8439,-1.6611,0.1164,0.6349,-4.63,FALSE,406959,s_c
hsa-miR-183-5p,0.4367,0.8439,0.4327,0.6711,0.988,-4.5988,FALSE,406959,m_c
hsa-miR-1843,0.5722,5.5555,1.2135,0.2428,0.852,-4.7215,FALSE,113839518,s_m
hsa-miR-1843,0.3119,5.5555,0.981,0.3414,0.7806,-6.1367,FALSE,113839518,s_c
hsa-miR-1843,-0.2603,5.5555,-0.5019,0.6227,0.988,-4.6047,FALSE,113839518,m_c
hsa-miR-185-3p,0.273,2.3712,0.3876,0.7035,0.978,-5.0028,FALSE,406961,s_m
hsa-miR-185-3p,0.42,2.3712,0.7515,0.4634,0.8391,-5.8682,FALSE,406961,s_c
hsa-miR-185-3p,0.147,2.3712,0.1816,0.8582,0.988,-4.6011,FALSE,406961,m_c
hsa-miR-185-5p,-0.2064,11.2835,-0.7016,0.4931,0.9196,-5.6496,FALSE,406961,s_m
hsa-miR-185-5p,-0.1439,11.2835,-0.5757,0.5729,0.8764,-6.9439,FALSE,406961,s_c
hsa-miR-185-5p,0.0625,11.2835,0.1865,0.8544,0.988,-4.6434,FALSE,406961,m_c
hsa-miR-186-3p,1.1883,-1.1565,0.8475,0.4094,0.9194,-4.6797,FALSE,406962,s_m
hsa-miR-186-3p,2.5628,-1.1565,1.9781,0.0656,0.5513,-3.9894,FALSE,406962,s_c
hsa-miR-186-3p,1.3745,-1.1565,0.7765,0.4489,0.988,-4.5958,FALSE,406962,m_c
hsa-miR-186-5p,0.0552,9.2215,0.184,0.8564,0.9867,-5.6836,FALSE,406962,s_m
hsa-miR-186-5p,-0.184,9.2215,-0.7645,0.4559,0.8385,-6.6669,FALSE,406962,s_c
hsa-miR-186-5p,-0.2393,9.2215,-0.7093,0.4885,0.988,-4.6123,FALSE,406962,m_c
hsa-miR-187-3p,1.197,0.3264,1.1818,0.2548,0.8643,-4.5754,FALSE,406963,s_m
hsa-miR-187-3p,-0.2198,0.3264,-0.2929,0.7734,0.9258,-5.828,FALSE,406963,s_c
hsa-miR-187-3p,-1.4168,0.3264,-1.2662,0.2238,0.988,-4.5934,FALSE,406963,m_c
hsa-miR-188-3p,1.2922,-2.1352,0.7053,0.4909,0.9196,-4.6863,FALSE,406964,s_m
hsa-miR-188-3p,0.3388,-2.1352,0.2236,0.8259,0.9411,-5.4775,FALSE,406964,s_c
hsa-miR-188-3p,-0.9534,-2.1352,-0.4528,0.6569,0.988,-4.5964,FALSE,406964,m_c
hsa-miR-188-5p,-0.8437,0.7098,-0.9962,0.3342,0.8985,-4.6741,FALSE,406964,s_m
hsa-miR-188-5p,-1.0488,0.7098,-1.5218,0.1478,0.6435,-4.8211,FALSE,406964,s_c
hsa-miR-188-5p,-0.205,0.7098,-0.2223,0.827,0.988,-4.599,FALSE,406964,m_c
hsa-miR-18a-3p,1.7798,0.8813,1.6564,0.1174,0.8163,-4.3527,FALSE,406953,s_m
hsa-miR-18a-3p,0.6306,0.8813,0.9313,0.3657,0.7975,-5.5146,FALSE,406953,s_c
hsa-miR-18a-3p,-1.1491,0.8813,-0.9724,0.3455,0.988,-4.5953,FALSE,406953,m_c
hsa-miR-18a-5p,0.0458,11.1228,0.2042,0.8408,0.985,-5.8471,FALSE,406953,s_m
hsa-miR-18a-5p,0.0628,11.1228,0.3315,0.7447,0.9256,-7.0427,FALSE,406953,s_c
hsa-miR-18a-5p,0.017,11.1228,0.0666,0.9477,0.9897,-4.6427,FALSE,406953,m_c
hsa-miR-18b-5p,-0.5342,5.7528,-1.4446,0.1681,0.852,-4.5711,FALSE,574033,s_m
hsa-miR-18b-5p,-0.2351,5.7528,-0.7928,0.4396,0.8294,-6.2868,FALSE,574033,s_c
hsa-miR-18b-5p,0.2992,5.7528,0.72,0.482,0.988,-4.6031,FALSE,574033,m_c
hsa-miR-1908-5p,0.0461,8.4846,0.1023,0.9198,0.9963,-5.6407,FALSE,100302263,s_m
hsa-miR-1908-5p,-0.0476,8.4846,-0.1305,0.8978,0.9711,-6.8918,FALSE,100302263,s_c
hsa-miR-1908-5p,-0.0937,8.4846,-0.1842,0.8562,0.988,-4.6245,FALSE,100302263,m_c
hsa-miR-190a-3p,-1.4043,-1.578,-0.8704,0.3971,0.9118,-4.6627,FALSE,406965,s_m
hsa-miR-190a-3p,-0.0331,-1.578,-0.0216,0.9831,0.9922,-5.46,FALSE,406965,s_c
hsa-miR-190a-3p,1.3712,-1.578,0.7195,0.4824,0.988,-4.596,FALSE,406965,m_c
hsa-miR-190a-5p,0.5536,2.412,0.4557,0.6548,0.9645,-4.9229,FALSE,406965,s_m
hsa-miR-190a-5p,0.5433,2.412,0.6041,0.5543,0.8745,-5.9188,FALSE,406965,s_c
hsa-miR-190a-5p,-0.0103,2.412,-0.0074,0.9942,0.9967,-4.6,FALSE,406965,m_c
hsa-miR-190b-5p,-0.0468,2.7503,-0.0771,0.9395,0.9984,-5.0283,FALSE,100126346,s_m
hsa-miR-190b-5p,-0.0954,2.7503,-0.1993,0.8445,0.9492,-6.1029,FALSE,100126346,s_c
hsa-miR-190b-5p,-0.0486,2.7503,-0.0708,0.9445,0.9897,-4.6011,FALSE,100126346,m_c
hsa-miR-191-3p,0.4196,6.3973,1.2352,0.2348,0.852,-4.8186,FALSE,406966,s_m
hsa-miR-191-3p,0.3113,6.3973,1.189,0.252,0.7234,-6.0073,FALSE,406966,s_c
hsa-miR-191-3p,-0.1083,6.3973,-0.2828,0.781,0.988,-4.6128,FALSE,406966,m_c
hsa-miR-191-5p,0.7175,16.3452,2.592,0.0198,0.606,-3.4127,FALSE,406966,s_m
hsa-miR-191-5p,0.2683,16.3452,1.152,0.2665,0.7409,-6.846,FALSE,406966,s_c
hsa-miR-191-5p,-0.4492,16.3452,-1.4266,0.1732,0.988,-4.5167,FALSE,406966,m_c
hsa-miR-1914-5p,1.326,-4.2139,0.9452,0.3588,0.9068,-4.6306,FALSE,100302137,s_m
hsa-miR-1914-5p,4.5045,-4.2139,3.0793,0.0073,0.3182,-2.4972,TRUE,100302137,s_c
hsa-miR-1914-5p,3.1785,-4.2139,1.7389,0.1015,0.988,-4.593,FALSE,100302137,m_c
hsa-miR-192-5p,-0.5659,5.633,-1.3079,0.2096,0.852,-4.7082,FALSE,406967,s_m
hsa-miR-192-5p,-0.0469,5.633,-0.1329,0.896,0.9711,-6.5791,FALSE,406967,s_c
hsa-miR-192-5p,0.519,5.633,1.0574,0.3062,0.988,-4.5936,FALSE,406967,m_c
hsa-miR-193a-3p,-1.251,-1.2969,-0.8711,0.3968,0.9118,-4.662,FALSE,406968,s_m
hsa-miR-193a-3p,-0.8338,-1.2969,-0.6376,0.5329,0.8728,-5.3153,FALSE,406968,s_c
hsa-miR-193a-3p,0.4172,-1.2969,0.2562,0.8011,0.988,-4.597,FALSE,406968,m_c
hsa-miR-193a-5p,-0.9442,0.9756,-1.1081,0.2844,0.8904,-4.6244,FALSE,406968,s_m
hsa-miR-193a-5p,-0.4002,0.9756,-0.5412,0.5959,0.8786,-5.6919,FALSE,406968,s_c
hsa-miR-193a-5p,0.544,0.9756,0.5636,0.581,0.988,-4.5977,FALSE,406968,m_c
hsa-miR-193b-3p,-2.7354,-0.1542,-2.3119,0.0346,0.6907,-3.9754,TRUE,574455,s_m
hsa-miR-193b-3p,-1.8877,-0.1542,-1.7261,0.1038,0.5991,-4.3679,FALSE,574455,s_c
hsa-miR-193b-3p,0.8477,-0.1542,0.6604,0.5185,0.988,-4.5968,FALSE,574455,m_c
hsa-miR-193b-5p,0.83,-4.1588,0.3529,0.7299,0.9823,-4.7175,FALSE,574455,s_m
hsa-miR-193b-5p,1.2486,-4.1588,0.5461,0.5944,0.8786,-5.177,FALSE,574455,s_c
hsa-miR-193b-5p,0.4186,-4.1588,0.1457,0.8864,0.988,-4.5963,FALSE,574455,m_c
hsa-miR-194-5p,0.003,6.8824,0.0101,0.992,0.9991,-5.5109,FALSE,406969,s_m
hsa-miR-194-5p,0.2185,6.8824,0.9171,0.3729,0.8016,-6.3139,FALSE,406969,s_c
hsa-miR-194-5p,0.2155,6.8824,0.6446,0.5285,0.988,-4.6079,FALSE,406969,m_c
hsa-miR-195-3p,-3.0719,-3.2174,-1.3878,0.1845,0.852,-4.4958,FALSE,406971,s_m
hsa-miR-195-3p,-1.0317,-3.2174,-0.436,0.6687,0.9086,-5.2531,FALSE,406971,s_c
hsa-miR-195-3p,2.0402,-3.2174,0.7847,0.4442,0.988,-4.5957,FALSE,406971,m_c
hsa-miR-195-5p,-0.1075,7.5513,-0.2768,0.7856,0.9842,-5.5377,FALSE,406971,s_m
hsa-miR-195-5p,-0.1838,7.5513,-0.5873,0.5653,0.8764,-6.6421,FALSE,406971,s_c
hsa-miR-195-5p,-0.0763,7.5513,-0.1745,0.8637,0.988,-4.6203,FALSE,406971,m_c
hsa-miR-196a-5p,-0.8481,-1.4975,-0.5936,0.5612,0.9288,-4.7288,FALSE,406972,s_m
hsa-miR-196a-5p,-0.0065,-1.4975,-0.0049,0.9961,0.9982,-5.4893,FALSE,406972,s_c
hsa-miR-196a-5p,0.8416,-1.4975,0.5063,0.6196,0.988,-4.5965,FALSE,406972,m_c
hsa-miR-196b-5p,0.4647,6.9555,1.3164,0.2068,0.852,-4.7638,FALSE,442920,s_m
hsa-miR-196b-5p,0.1105,6.9555,0.4132,0.685,0.9185,-6.6886,FALSE,442920,s_c
hsa-miR-196b-5p,-0.3542,6.9555,-0.8975,0.3829,0.988,-4.5994,FALSE,442920,m_c
hsa-miR-197-3p,0.3284,7.438,0.7963,0.4377,0.9196,-5.275,FALSE,406974,s_m
hsa-miR-197-3p,0.5391,7.438,1.6234,0.1243,0.6349,-5.5239,FALSE,406974,s_c
hsa-miR-197-3p,0.2107,7.438,0.4481,0.6601,0.988,-4.6145,FALSE,406974,m_c
hsa-miR-197-5p,-1.1248,-2.8467,-0.5345,0.6004,0.9358,-4.7034,FALSE,406974,s_m
hsa-miR-197-5p,-3.076,-2.8467,-1.8434,0.0841,0.5792,-4.147,FALSE,406974,s_c
hsa-miR-197-5p,-1.9512,-2.8467,-0.8987,0.3823,0.988,-4.5954,FALSE,406974,m_c
hsa-miR-1976,0.0391,-2.138,0.0316,0.9752,0.9991,-4.79,FALSE,100302190,s_m
hsa-miR-1976,2.3904,-2.138,1.899,0.076,0.56,-4.0533,FALSE,100302190,s_c
hsa-miR-1976,2.3513,-2.138,1.4715,0.1608,0.988,-4.5935,FALSE,100302190,m_c
hsa-miR-199a-3p,0.1042,14.4764,0.5379,0.5981,0.934,-5.9782,FALSE,406976,s_m
hsa-miR-199a-3p,0.2013,14.4764,1.2134,0.2428,0.7175,-6.6143,FALSE,406976,s_c
hsa-miR-199a-3p,0.097,14.4764,0.4365,0.6684,0.988,-4.6595,FALSE,406976,m_c
hsa-miR-199a-5p,0.4371,8.8136,1.2196,0.2405,0.852,-4.9985,FALSE,406976,s_m
hsa-miR-199a-5p,0.4082,8.8136,1.4251,0.1736,0.6791,-5.9239,FALSE,406976,s_c
hsa-miR-199a-5p,-0.0289,8.8136,-0.0711,0.9442,0.9897,-4.6262,FALSE,406976,m_c
hsa-miR-199b-3p,0.1086,13.4743,0.5427,0.5949,0.934,-5.9028,FALSE,406978,s_m
hsa-miR-199b-3p,0.2066,13.4743,1.2036,0.2465,0.7179,-6.5466,FALSE,406978,s_c
hsa-miR-199b-3p,0.098,13.4743,0.4266,0.6754,0.988,-4.6512,FALSE,406978,m_c
hsa-miR-199b-5p,0.4885,0.7539,0.4832,0.6356,0.9525,-4.8889,FALSE,406978,s_m
hsa-miR-199b-5p,1.1507,0.7539,1.2675,0.2233,0.7175,-5.1196,FALSE,406978,s_c
hsa-miR-199b-5p,0.6622,0.7539,0.5355,0.5997,0.988,-4.5978,FALSE,406978,m_c
hsa-miR-19a-3p,-0.2445,3.608,-0.274,0.7876,0.9842,-5.1007,FALSE,406979,s_m
hsa-miR-19a-3p,-0.459,3.608,-0.7642,0.456,0.8385,-6.1298,FALSE,406979,s_c
hsa-miR-19a-3p,-0.2145,3.608,-0.2222,0.827,0.988,-4.6036,FALSE,406979,m_c
hsa-miR-19a-5p,-0.1738,-4.3869,-0.0823,0.9357,0.9969,-4.7255,FALSE,406979,s_m
hsa-miR-19a-5p,0.0989,-4.3869,0.0489,0.9617,0.9922,-5.2828,FALSE,406979,s_c
hsa-miR-19a-5p,0.2727,-4.3869,0.1103,0.9139,0.988,-4.5963,FALSE,406979,m_c
hsa-miR-19b-1-5p,1.4551,-2.8227,0.7707,0.4523,0.9196,-4.6834,FALSE,406980,s_m
hsa-miR-19b-1-5p,3.3049,-2.8227,1.6985,0.109,0.6175,-4.2818,FALSE,406980,s_c
hsa-miR-19b-1-5p,1.8498,-2.8227,0.7442,0.4677,0.988,-4.5957,FALSE,406980,m_c
hsa-miR-19b-3p,-0.6956,5.9127,-1.0642,0.3032,0.8904,-4.9323,FALSE,406980,s_m
hsa-miR-19b-3p,-0.1557,5.9127,-0.3084,0.7618,0.9256,-6.5988,FALSE,406980,s_c
hsa-miR-19b-3p,0.5399,5.9127,0.7387,0.4709,0.988,-4.6028,FALSE,406980,m_c
hsa-miR-200a-3p,1.3164,2.244,1.5214,0.1479,0.8368,-4.3958,FALSE,406983,s_m
hsa-miR-200a-3p,0.21,2.244,0.3979,0.6961,0.9185,-6.0437,FALSE,406983,s_c
hsa-miR-200a-3p,-1.1064,2.244,-1.1772,0.2565,0.988,-4.5938,FALSE,406983,m_c
hsa-miR-200a-5p,1.2499,-3.1275,0.7204,0.4818,0.9196,-4.6811,FALSE,406983,s_m
hsa-miR-200a-5p,0.644,-3.1275,0.4219,0.6788,0.9165,-5.361,FALSE,406983,s_c
hsa-miR-200a-5p,-0.6059,-3.1275,-0.2973,0.7701,0.988,-4.5965,FALSE,406983,m_c
hsa-miR-200b-3p,0.5598,1.3606,0.5532,0.5879,0.934,-4.9272,FALSE,406984,s_m
hsa-miR-200b-3p,1.9662,1.3606,2.0237,0.0603,0.5381,-4.1362,FALSE,406984,s_c
hsa-miR-200b-3p,1.4064,1.3606,1.0791,0.2967,0.988,-4.5945,FALSE,406984,m_c
hsa-miR-200b-5p,2.8162,0.3468,1.7543,0.0988,0.8163,-4.2691,FALSE,406984,s_m
hsa-miR-200b-5p,0.7402,0.3468,0.5743,0.5738,0.8764,-5.653,FALSE,406984,s_c
hsa-miR-200b-5p,-2.076,0.3468,-1.1049,0.2857,0.988,-4.5945,FALSE,406984,m_c
hsa-miR-200c-3p,0.6842,7.6638,2.0328,0.0592,0.7475,-3.9204,FALSE,406985,s_m
hsa-miR-200c-3p,0.1441,7.6638,0.5564,0.5858,0.8786,-6.6875,FALSE,406985,s_c
hsa-miR-200c-3p,-0.54,7.6638,-1.4318,0.1717,0.988,-4.5727,FALSE,406985,m_c
hsa-miR-203a-3p,-2.2225,7.2685,-2.4578,0.0259,0.677,-3.2958,TRUE,406986,s_m
hsa-miR-203a-3p,-1.3927,7.2685,-1.7334,0.1025,0.5991,-5.2849,FALSE,406986,s_c
hsa-miR-203a-3p,0.8299,7.2685,0.8279,0.42,0.988,-4.6037,FALSE,406986,m_c
hsa-miR-204-3p,-1.5873,-1.467,-1.0061,0.3296,0.8985,-4.6686,FALSE,406987,s_m
hsa-miR-204-3p,1.5448,-1.467,0.8143,0.4276,0.8212,-5.234,FALSE,406987,s_c
hsa-miR-204-3p,3.1321,-1.467,1.4547,0.1653,0.988,-4.5926,FALSE,406987,m_c
hsa-miR-204-5p,2.7346,0.6379,1.6949,0.1097,0.8163,-4.2993,FALSE,406987,s_m
hsa-miR-204-5p,1.1877,0.6379,0.9679,0.3477,0.788,-5.4328,FALSE,406987,s_c
hsa-miR-204-5p,-1.5469,0.6379,-0.8227,0.4229,0.988,-4.5961,FALSE,406987,m_c
hsa-miR-208a-3p,1.8794,-3.7443,0.8208,0.4268,0.9196,-4.6526,FALSE,406990,s_m
hsa-miR-208a-3p,2.5105,-3.7443,1.1251,0.2812,0.7446,-4.8233,FALSE,406990,s_c
hsa-miR-208a-3p,0.631,-3.7443,0.2195,0.8297,0.988,-4.5962,FALSE,406990,m_c
hsa-miR-20a-3p,0.5778,5.2625,0.9918,0.3363,0.8985,-4.9054,FALSE,406982,s_m
hsa-miR-20a-3p,0.417,5.2625,0.9988,0.3329,0.7731,-6.0762,FALSE,406982,s_c
hsa-miR-20a-3p,-0.1608,5.2625,-0.247,0.8081,0.988,-4.6072,FALSE,406982,m_c
hsa-miR-20a-5p,-0.0195,12.13,-0.092,0.9279,0.9963,-5.9418,FALSE,406982,s_m
hsa-miR-20a-5p,-0.0688,12.13,-0.3817,0.7078,0.9187,-7.1016,FALSE,406982,s_c
hsa-miR-20a-5p,-0.0493,12.13,-0.2042,0.8408,0.988,-4.649,FALSE,406982,m_c
hsa-miR-20b-3p,0.1729,3.7969,0.3223,0.7515,0.9842,-5.093,FALSE,574032,s_m
hsa-miR-20b-3p,0.2033,3.7969,0.4857,0.6339,0.8894,-6.1665,FALSE,574032,s_c
hsa-miR-20b-3p,0.0304,3.7969,0.05,0.9608,0.9958,-4.6033,FALSE,574032,m_c
hsa-miR-20b-5p,-0.0136,6.9774,-0.0385,0.9698,0.9991,-5.5127,FALSE,574032,s_m
hsa-miR-20b-5p,0.08,6.9774,0.283,0.7809,0.9259,-6.7158,FALSE,574032,s_c
hsa-miR-20b-5p,0.0936,6.9774,0.2347,0.8174,0.988,-4.6163,FALSE,574032,m_c
hsa-miR-21-3p,0.4404,5.5764,0.9496,0.3566,0.9068,-4.9335,FALSE,406991,s_m
hsa-miR-21-3p,0.1461,5.5764,0.4626,0.65,0.8943,-6.5156,FALSE,406991,s_c
hsa-miR-21-3p,-0.2943,5.5764,-0.5773,0.5719,0.988,-4.6038,FALSE,406991,m_c
hsa-miR-21-5p,0.0709,12.3848,0.1738,0.8642,0.9867,-5.9596,FALSE,406991,s_m
hsa-miR-21-5p,0.3374,12.3848,0.9599,0.3516,0.7914,-6.7231,FALSE,406991,s_c
hsa-miR-21-5p,0.2665,12.3848,0.5672,0.5786,0.988,-4.6351,FALSE,406991,m_c
hsa-miR-210-3p,-0.0733,3.1193,-0.1061,0.9169,0.9963,-5.0476,FALSE,406992,s_m
hsa-miR-210-3p,0.6001,3.1193,1.0706,0.3004,0.7446,-5.5702,FALSE,406992,s_c
hsa-miR-210-3p,0.6734,3.1193,0.8359,0.4157,0.988,-4.5969,FALSE,406992,m_c
hsa-miR-211-5p,0.1401,-3.0257,0.089,0.9302,0.9963,-4.7457,FALSE,406993,s_m
hsa-miR-211-5p,-0.8384,-3.0257,-0.6227,0.5424,0.8728,-5.2729,FALSE,406993,s_c
hsa-miR-211-5p,-0.9785,-3.0257,-0.5549,0.5867,0.988,-4.5962,FALSE,406993,m_c
hsa-miR-2110,-0.0919,7.4866,-0.265,0.7944,0.9842,-5.5226,FALSE,100302224,s_m
hsa-miR-2110,-0.1052,7.4866,-0.3832,0.7067,0.9187,-6.7414,FALSE,100302224,s_c
hsa-miR-2110,-0.0132,7.4866,-0.034,0.9733,0.9958,-4.6201,FALSE,100302224,m_c
hsa-miR-212-3p,0.366,-3.0844,0.2642,0.7951,0.9842,-4.7677,FALSE,406994,s_m
hsa-miR-212-3p,4.0407,-3.0844,2.6126,0.019,0.4407,-3.1163,TRUE,406994,s_c
hsa-miR-212-3p,3.6747,-3.0844,1.9429,0.0701,0.988,-4.5922,FALSE,406994,m_c
hsa-miR-214-3p,-1.8459,3.789,-3.2143,0.0055,0.4377,-2.4676,FALSE,406996,s_m
hsa-miR-214-3p,-1.0306,3.789,-1.942,0.0702,0.5545,-4.505,FALSE,406996,s_c
hsa-miR-214-3p,0.8153,3.789,1.283,0.218,0.988,-4.5891,FALSE,406996,m_c
hsa-miR-215-5p,-0.581,-1.5924,-0.3922,0.7002,0.9774,-4.7676,FALSE,406997,s_m
hsa-miR-215-5p,1.3561,-1.5924,0.9488,0.357,0.7914,-5.0885,FALSE,406997,s_c
hsa-miR-215-5p,1.9371,-1.5924,1.0536,0.3079,0.988,-4.5949,FALSE,406997,m_c
hsa-miR-219a-1-3p,-1.9087,-2.8043,-1.6075,0.1278,0.8163,-4.4147,FALSE,407002,s_m
hsa-miR-219a-1-3p,-0.9564,-2.8043,-0.8525,0.4067,0.8174,-5.1184,FALSE,407002,s_c
hsa-miR-219a-1-3p,0.9522,-2.8043,0.7023,0.4927,0.988,-4.596,FALSE,407002,m_c
hsa-miR-219b-3p,1.8614,-3.6245,1.1956,0.2495,0.8549,-4.5621,FALSE,100616335,s_m
hsa-miR-219b-3p,3.0383,-3.6245,1.9529,0.0688,0.5545,-3.9683,FALSE,100616335,s_c
hsa-miR-219b-3p,1.177,-3.6245,0.5904,0.5633,0.988,-4.5959,FALSE,100616335,m_c
hsa-miR-219b-5p,-1.4811,-2.6224,-0.9213,0.3708,0.9068,-4.6425,FALSE,100616335,s_m
hsa-miR-219b-5p,-0.0637,-2.6224,-0.0416,0.9673,0.9922,-5.4161,FALSE,100616335,s_c
hsa-miR-219b-5p,1.4174,-2.6224,0.7487,0.465,0.988,-4.5958,FALSE,100616335,m_c
hsa-miR-22-3p,-0.0645,11.0294,-0.223,0.8264,0.985,-5.8353,FALSE,407004,s_m
hsa-miR-22-3p,0.0444,11.0294,0.1813,0.8585,0.9516,-7.0717,FALSE,407004,s_c
hsa-miR-22-3p,0.1089,11.0294,0.3298,0.7459,0.988,-4.6369,FALSE,407004,m_c
hsa-miR-22-5p,-0.2481,8.3525,-0.8097,0.4301,0.9196,-5.328,FALSE,407004,s_m
hsa-miR-22-5p,-0.1186,8.3525,-0.4844,0.6347,0.8894,-6.7667,FALSE,407004,s_c
hsa-miR-22-5p,0.1295,8.3525,0.3759,0.712,0.988,-4.6202,FALSE,407004,m_c
hsa-miR-221-3p,-0.4204,13.719,-1.8119,0.0891,0.8094,-4.581,FALSE,407006,s_m
hsa-miR-221-3p,-0.3657,13.719,-1.8262,0.0868,0.5792,-5.7024,FALSE,407006,s_c
hsa-miR-221-3p,0.0548,13.719,0.2074,0.8383,0.988,-4.6654,FALSE,407006,m_c
hsa-miR-221-5p,1.0095,8.4374,2.7141,0.0155,0.6054,-2.8952,FALSE,407006,s_m
hsa-miR-221-5p,0.3154,8.4374,1.1031,0.2865,0.7446,-6.3031,FALSE,407006,s_c
hsa-miR-221-5p,-0.6941,8.4374,-1.6627,0.1161,0.988,-4.5534,FALSE,407006,m_c
hsa-miR-222-3p,0.4463,8.9838,1.4761,0.1596,0.852,-4.7206,FALSE,407007,s_m
hsa-miR-222-3p,0.308,8.9838,1.277,0.22,0.7175,-6.1273,FALSE,407007,s_c
hsa-miR-222-3p,-0.1383,8.9838,-0.4046,0.6912,0.988,-4.6219,FALSE,407007,m_c
hsa-miR-222-5p,2.3883,0.5204,1.3792,0.1871,0.852,-4.4852,FALSE,407007,s_m
hsa-miR-222-5p,2.3587,0.5204,1.8536,0.0826,0.5792,-4.3029,FALSE,407007,s_c
hsa-miR-222-5p,-0.0296,0.5204,-0.0145,0.9886,0.9967,-4.5975,FALSE,407007,m_c
hsa-miR-223-3p,-0.065,15.5221,-0.2396,0.8137,0.985,-6.1744,FALSE,407008,s_m
hsa-miR-223-3p,-0.1326,15.5221,-0.5782,0.5713,0.8764,-7.2799,FALSE,407008,s_c
hsa-miR-223-3p,-0.0676,15.5221,-0.2192,0.8293,0.988,-4.6844,FALSE,407008,m_c
hsa-miR-223-5p,0.2437,9.7151,0.9029,0.3802,0.9068,-5.375,FALSE,407008,s_m
hsa-miR-223-5p,0.1235,9.7151,0.5515,0.589,0.8786,-6.8387,FALSE,407008,s_c
hsa-miR-223-5p,-0.1202,9.7151,-0.3918,0.7005,0.988,-4.6272,FALSE,407008,m_c
hsa-miR-224-3p,0.4938,5.4385,0.7047,0.4913,0.9196,-5.167,FALSE,407009,s_m
hsa-miR-224-3p,0.3717,5.4385,0.666,0.515,0.8689,-6.3638,FALSE,407009,s_c
hsa-miR-224-3p,-0.1221,5.4385,-0.1529,0.8804,0.988,-4.6104,FALSE,407009,m_c
hsa-miR-224-5p,0.1941,11.0284,0.293,0.7733,0.9842,-5.8531,FALSE,407009,s_m
hsa-miR-224-5p,0.3439,11.0284,0.5938,0.561,0.8764,-6.9129,FALSE,407009,s_c
hsa-miR-224-5p,0.1499,11.0284,0.1957,0.8473,0.988,-4.6426,FALSE,407009,m_c
hsa-miR-2276-3p,2.4586,-0.5656,1.8846,0.078,0.7793,-4.275,FALSE,100313842,s_m
hsa-miR-2276-3p,0.2967,-0.5656,0.3399,0.7384,0.9256,-5.7276,FALSE,100313842,s_c
hsa-miR-2276-3p,-2.1618,-0.5656,-1.4962,0.1543,0.988,-4.5928,FALSE,100313842,m_c
hsa-miR-2277-3p,-0.0702,-2.1891,-0.0441,0.9654,0.9991,-4.7901,FALSE,100313887,s_m
hsa-miR-2277-3p,1.973,-2.1891,1.2625,0.2251,0.7175,-4.7934,FALSE,100313887,s_c
hsa-miR-2277-3p,2.0432,-2.1891,1.0204,0.3229,0.988,-4.5951,FALSE,100313887,m_c
hsa-miR-2277-5p,0.2377,-0.5717,0.1174,0.908,0.9953,-4.8162,FALSE,100313887,s_m
hsa-miR-2277-5p,1.5786,-0.5717,0.9218,0.3705,0.8016,-5.2599,FALSE,100313887,s_c
hsa-miR-2277-5p,1.3408,-0.5717,0.558,0.5846,0.988,-4.5966,FALSE,100313887,m_c
hsa-miR-2278,2.0272,1.0598,1.0109,0.3273,0.8985,-4.6416,FALSE,100313780,s_m
hsa-miR-2278,2.6386,1.0598,1.7901,0.0926,0.5837,-4.4227,FALSE,100313780,s_c
hsa-miR-2278,0.6113,1.0598,0.2582,0.7996,0.988,-4.5975,FALSE,100313780,m_c
hsa-miR-2355-3p,-0.0198,5.8286,-0.0528,0.9585,0.9991,-5.4132,FALSE,100423036,s_m
hsa-miR-2355-3p,0.335,5.8286,1.1088,0.2841,0.7446,-6.0137,FALSE,100423036,s_c
hsa-miR-2355-3p,0.3548,5.8286,0.8295,0.4192,0.988,-4.6005,FALSE,100423036,m_c
hsa-miR-2355-5p,-0.799,0.1697,-0.6716,0.5116,0.9196,-4.8909,FALSE,100423036,s_m
hsa-miR-2355-5p,2.6389,0.1697,1.6877,0.1111,0.6233,-4.4377,FALSE,100423036,s_c
hsa-miR-2355-5p,3.4379,0.1697,1.929,0.0719,0.988,-4.5877,FALSE,100423036,m_c
hsa-miR-23a-3p,-0.1741,15.562,-0.8882,0.3878,0.9068,-5.8213,FALSE,407010,s_m
hsa-miR-23a-3p,-0.1083,15.562,-0.6434,0.5292,0.8715,-7.2342,FALSE,407010,s_c
hsa-miR-23a-3p,0.0658,15.562,0.2939,0.7727,0.988,-4.6821,FALSE,407010,m_c
hsa-miR-23a-5p,0.9698,-0.4245,0.9666,0.3483,0.9068,-4.6404,FALSE,407010,s_m
hsa-miR-23a-5p,0.0218,-0.4245,0.0301,0.9763,0.9922,-5.7341,FALSE,407010,s_c
hsa-miR-23a-5p,-0.948,-0.4245,-0.8514,0.4073,0.988,-4.5957,FALSE,407010,m_c
hsa-miR-23b-3p,0.8411,13.0879,2.4061,0.0287,0.677,-3.5762,FALSE,407011,s_m
hsa-miR-23b-3p,0.7124,13.0879,2.3955,0.0294,0.4809,-4.6731,FALSE,407011,s_c
hsa-miR-23b-3p,-0.1287,13.0879,-0.3186,0.7542,0.988,-4.6527,FALSE,407011,m_c
hsa-miR-23b-5p,1.3236,2.1988,1.2299,0.2367,0.852,-4.5525,FALSE,407011,s_m
hsa-miR-23b-5p,-0.295,2.1988,-0.4973,0.6259,0.8855,-6.01,FALSE,407011,s_c
hsa-miR-23b-5p,-1.6186,2.1988,-1.4193,0.1753,0.988,-4.5921,FALSE,407011,m_c
hsa-miR-23c,0.311,-1.8902,0.3154,0.7566,0.9842,-4.7651,FALSE,100500809,s_m
hsa-miR-23c,0.9683,-1.8902,1.0611,0.3046,0.7465,-4.9976,FALSE,100500809,s_c
hsa-miR-23c,0.6573,-1.8902,0.5541,0.5873,0.988,-4.5963,FALSE,100500809,m_c
hsa-miR-24-1-5p,1.0814,0.709,0.7317,0.4751,0.9196,-4.7922,FALSE,407012,s_m
hsa-miR-24-1-5p,2.5466,0.709,1.7842,0.0936,0.5837,-4.3774,FALSE,407012,s_c
hsa-miR-24-1-5p,1.4652,0.709,0.7724,0.4513,0.988,-4.5964,FALSE,407012,m_c
hsa-miR-24-2-5p,0.6466,4.292,1.1699,0.2594,0.8643,-4.7139,FALSE,407013,s_m
hsa-miR-24-2-5p,0.7167,4.292,1.7474,0.1,0.5991,-4.9878,FALSE,407013,s_c
hsa-miR-24-2-5p,0.0701,4.292,0.1116,0.9126,0.988,-4.6049,FALSE,407013,m_c
hsa-miR-24-3p,-0.0819,13.6071,-0.4139,0.6845,0.9763,-5.9904,FALSE,407012,s_m
hsa-miR-24-3p,0.0984,13.6071,0.5725,0.5751,0.8764,-7.1242,FALSE,407012,s_c
hsa-miR-24-3p,0.1803,13.6071,0.7928,0.4396,0.988,-4.6239,FALSE,407012,m_c
hsa-miR-25-3p,-0.1808,12.629,-0.9301,0.3663,0.9068,-5.5741,FALSE,407014,s_m
hsa-miR-25-3p,-0.0515,12.629,-0.3066,0.7632,0.9256,-7.1651,FALSE,407014,s_c
hsa-miR-25-3p,0.1293,12.629,0.5812,0.5693,0.988,-4.6362,FALSE,407014,m_c
hsa-miR-25-5p,0.6008,3.2691,0.8618,0.4017,0.9118,-4.8988,FALSE,407014,s_m
hsa-miR-25-5p,0.6576,3.2691,1.2145,0.2424,0.7175,-5.6069,FALSE,407014,s_c
hsa-miR-25-5p,0.0568,3.2691,0.0708,0.9444,0.9897,-4.6037,FALSE,407014,m_c
hsa-miR-26a-1-3p,1.1573,2.9194,1.5624,0.138,0.8163,-4.351,FALSE,407015,s_m
hsa-miR-26a-1-3p,0.2214,2.9194,0.4349,0.6695,0.9086,-6.2296,FALSE,407015,s_c
hsa-miR-26a-1-3p,-0.936,2.9194,-1.1422,0.2704,0.988,-4.5931,FALSE,407015,m_c
hsa-miR-26a-2-3p,0.6808,-0.9891,0.5772,0.5719,0.934,-4.7451,FALSE,407016,s_m
hsa-miR-26a-2-3p,1.7804,-0.9891,1.7279,0.1035,0.5991,-4.3456,FALSE,407016,s_c
hsa-miR-26a-2-3p,1.0996,-0.9891,0.7695,0.4529,0.988,-4.5959,FALSE,407016,m_c
hsa-miR-26a-5p,0.9632,15.6912,3.1187,0.0067,0.4859,-2.3827,FALSE,407015,s_m
hsa-miR-26a-5p,0.2203,15.6912,0.868,0.3984,0.8136,-7.1002,FALSE,407015,s_c
hsa-miR-26a-5p,-0.743,15.6912,-2.1154,0.0507,0.988,-4.3635,FALSE,407015,m_c
hsa-miR-26b-3p,0.3336,4.2348,0.6311,0.537,0.9196,-5.0517,FALSE,407017,s_m
hsa-miR-26b-3p,0.066,4.2348,0.1645,0.8714,0.9563,-6.3975,FALSE,407017,s_c
hsa-miR-26b-3p,-0.2676,4.2348,-0.4513,0.6579,0.988,-4.6032,FALSE,407017,m_c
hsa-miR-26b-5p,0.5362,14.5424,2.3617,0.0314,0.677,-3.7233,FALSE,407017,s_m
hsa-miR-26b-5p,0.0943,14.5424,0.4977,0.6256,0.8855,-7.2564,FALSE,407017,s_c
hsa-miR-26b-5p,-0.4419,14.5424,-1.7088,0.1071,0.988,-4.4787,FALSE,407017,m_c
hsa-miR-27a-3p,-0.2528,12.1578,-1.2638,0.2247,0.852,-5.213,FALSE,407018,s_m
hsa-miR-27a-3p,0.0745,12.1578,0.424,0.6773,0.916,-7.0748,FALSE,407018,s_c
hsa-miR-27a-3p,0.3274,12.1578,1.4198,0.1751,0.988,-4.5487,FALSE,407018,m_c
hsa-miR-27a-5p,2.1144,-2.4514,1.2928,0.2147,0.852,-4.5309,FALSE,407018,s_m
hsa-miR-27a-5p,1.03,-2.4514,0.7457,0.4668,0.8391,-5.2513,FALSE,407018,s_c
hsa-miR-27a-5p,-1.0844,-2.4514,-0.5601,0.5833,0.988,-4.5962,FALSE,407018,m_c
hsa-miR-27b-3p,0.0149,12.6125,0.0583,0.9543,0.9991,-5.9947,FALSE,407019,s_m
hsa-miR-27b-3p,0.1871,12.6125,0.8431,0.4118,0.8212,-6.8461,FALSE,407019,s_c
hsa-miR-27b-3p,0.1722,12.6125,0.5845,0.5672,0.988,-4.6358,FALSE,407019,m_c
hsa-miR-27b-5p,0.9393,5.9111,1.658,0.117,0.8163,-4.3329,FALSE,407019,s_m
hsa-miR-27b-5p,0.6374,5.9111,1.4973,0.154,0.6478,-5.5693,FALSE,407019,s_c
hsa-miR-27b-5p,-0.3019,5.9111,-0.4721,0.6433,0.988,-4.6078,FALSE,407019,m_c
hsa-miR-28-3p,0.2942,10.1596,0.8865,0.3886,0.9068,-5.4217,FALSE,407020,s_m
hsa-miR-28-3p,0.0818,10.1596,0.2979,0.7696,0.9258,-6.9928,FALSE,407020,s_c
hsa-miR-28-3p,-0.2124,10.1596,-0.5632,0.5812,0.988,-4.6232,FALSE,407020,m_c
hsa-miR-28-5p,0.6596,10.5249,2.3481,0.0322,0.677,-3.5491,FALSE,407020,s_m
hsa-miR-28-5p,0.401,10.5249,1.7347,0.1023,0.5991,-5.6105,FALSE,407020,s_c
hsa-miR-28-5p,-0.2586,10.5249,-0.8071,0.4316,0.988,-4.6104,FALSE,407020,m_c
hsa-miR-296-3p,0.4118,-4.2672,0.1828,0.8578,0.9867,-4.7259,FALSE,407022,s_m
hsa-miR-296-3p,0.1531,-4.2672,0.0713,0.9443,0.9824,-5.2979,FALSE,407022,s_c
hsa-miR-296-3p,-0.2587,-4.2672,-0.0967,0.9245,0.9889,-4.5963,FALSE,407022,m_c
hsa-miR-299-3p,-0.2141,2.4842,-0.1949,0.848,0.9863,-5.0959,FALSE,407023,s_m
hsa-miR-299-3p,0.9019,2.4842,0.9497,0.3566,0.7914,-5.7132,FALSE,407023,s_c
hsa-miR-299-3p,1.116,2.4842,0.8383,0.4144,0.988,-4.5971,FALSE,407023,m_c
hsa-miR-299-5p,0.6889,2.9363,0.804,0.4333,0.9196,-4.8774,FALSE,407023,s_m
hsa-miR-299-5p,1.1885,2.9363,1.8039,0.0904,0.5837,-4.7285,FALSE,407023,s_c
hsa-miR-299-5p,0.4996,2.9363,0.5018,0.6227,0.988,-4.6002,FALSE,407023,m_c
hsa-miR-29a-3p,-0.2547,7.3616,-0.6728,0.5108,0.9196,-5.3307,FALSE,407021,s_m
hsa-miR-29a-3p,0.0349,7.3616,0.1182,0.9074,0.9756,-6.7965,FALSE,407021,s_c
hsa-miR-29a-3p,0.2896,7.3616,0.6814,0.5055,0.988,-4.6077,FALSE,407021,m_c
hsa-miR-29a-5p,1.5491,4.0073,1.4206,0.1749,0.852,-4.4526,FALSE,407021,s_m
hsa-miR-29a-5p,-0.3772,4.0073,-0.7445,0.4675,0.8391,-6.1523,FALSE,407021,s_c
hsa-miR-29a-5p,-1.9263,4.0073,-1.6968,0.1094,0.988,-4.5877,FALSE,407021,m_c
hsa-miR-29b-1-5p,2.189,0.4987,1.5331,0.145,0.8302,-4.4008,FALSE,407024,s_m
hsa-miR-29b-1-5p,-0.6812,0.4987,-0.7227,0.4804,0.8391,-5.7089,FALSE,407024,s_c
hsa-miR-29b-1-5p,-2.8702,0.4987,-1.8737,0.0796,0.988,-4.5883,FALSE,407024,m_c
hsa-miR-29b-2-5p,0.5126,5.0383,1.0541,0.3077,0.8904,-4.8314,FALSE,407025,s_m
hsa-miR-29b-2-5p,0.3945,5.0383,1.1192,0.2798,0.7446,-5.8902,FALSE,407025,s_c
hsa-miR-29b-2-5p,-0.1181,5.0383,-0.2168,0.8311,0.988,-4.6061,FALSE,407025,m_c
hsa-miR-29b-3p,-0.2934,8.3908,-0.9552,0.3539,0.9068,-5.2251,FALSE,407024,s_m
hsa-miR-29b-3p,-0.0744,8.3908,-0.2968,0.7705,0.9258,-6.8356,FALSE,407024,s_c
hsa-miR-29b-3p,0.219,8.3908,0.6313,0.5369,0.988,-4.6129,FALSE,407024,m_c
hsa-miR-29c-3p,-0.5835,6.3449,-1.3414,0.1988,0.852,-4.7188,FALSE,407026,s_m
hsa-miR-29c-3p,-0.0647,6.3449,-0.1848,0.8557,0.9516,-6.6665,FALSE,407026,s_c
hsa-miR-29c-3p,0.5188,6.3449,1.0571,0.3064,0.988,-4.5934,FALSE,407026,m_c
hsa-miR-29c-5p,1.4628,3.9015,2.391,0.0296,0.677,-3.5952,FALSE,407026,s_m
hsa-miR-29c-5p,0.2783,3.9015,0.7395,0.4704,0.8391,-6.1215,FALSE,407026,s_c
hsa-miR-29c-5p,-1.1845,3.9015,-1.7842,0.0936,0.988,-4.5825,FALSE,407026,m_c
hsa-miR-301a-3p,0.1497,7.9629,0.3935,0.6992,0.9774,-5.5157,FALSE,407027,s_m
hsa-miR-301a-3p,0.3691,7.9629,1.2273,0.2377,0.7175,-6.0994,FALSE,407027,s_c
hsa-miR-301a-3p,0.2194,7.9629,0.5103,0.6169,0.988,-4.6146,FALSE,407027,m_c
hsa-miR-301b-3p,-0.1627,3.1574,-0.21,0.8364,0.985,-5.0163,FALSE,100126318,s_m
hsa-miR-301b-3p,0.0183,3.1574,0.0331,0.974,0.9922,-6.2147,FALSE,100126318,s_c
hsa-miR-301b-3p,0.181,3.1574,0.2115,0.8352,0.988,-4.6011,FALSE,100126318,m_c
hsa-miR-301b-5p,-2.2287,-4.31,-1.1406,0.271,0.8879,-4.5775,FALSE,100126318,s_m
hsa-miR-301b-5p,-0.7366,-4.31,-0.3684,0.7175,0.922,-5.1977,FALSE,100126318,s_c
hsa-miR-301b-5p,1.492,-4.31,0.6433,0.5292,0.988,-4.5958,FALSE,100126318,m_c
hsa-miR-3064-5p,-0.0123,-1.5301,-0.0082,0.9936,0.9991,-4.7809,FALSE,100616387,s_m
hsa-miR-3064-5p,-1.3569,-1.5301,-1.2139,0.2426,0.7175,-4.9987,FALSE,100616387,s_c
hsa-miR-3064-5p,-1.3446,-1.5301,-0.8361,0.4156,0.988,-4.5957,FALSE,100616387,m_c
hsa-miR-3065-3p,0.8852,-1.429,0.6477,0.5265,0.9196,-4.7151,FALSE,100422915,s_m
hsa-miR-3065-3p,1.6285,-1.429,1.3509,0.1958,0.702,-4.7521,FALSE,100422915,s_c
hsa-miR-3065-3p,0.7432,-1.429,0.4519,0.6575,0.988,-4.5965,FALSE,100422915,m_c
hsa-miR-3065-5p,1.0606,0.5859,1.0023,0.3313,0.8985,-4.6877,FALSE,100422915,s_m
hsa-miR-3065-5p,1.2182,0.5859,1.2679,0.2232,0.7175,-5.0981,FALSE,100422915,s_c
hsa-miR-3065-5p,0.1575,0.5859,0.1211,0.9052,0.988,-4.5988,FALSE,100422915,m_c
hsa-miR-3074-3p,1.2509,1.6971,1.4547,0.1654,0.852,-4.4306,FALSE,100422842,s_m
hsa-miR-3074-3p,0.3506,1.6971,0.5979,0.5584,0.8764,-5.922,FALSE,100422842,s_c
hsa-miR-3074-3p,-0.9003,1.6971,-0.943,0.3599,0.988,-4.5956,FALSE,100422842,m_c
hsa-miR-3074-5p,0.5535,1.54,0.6961,0.4965,0.9196,-4.8232,FALSE,100422842,s_m
hsa-miR-3074-5p,0.322,1.54,0.525,0.6069,0.8818,-5.8712,FALSE,100422842,s_c
hsa-miR-3074-5p,-0.2315,1.54,-0.2566,0.8008,0.988,-4.5993,FALSE,100422842,m_c
hsa-miR-30a-3p,-0.6772,5.2912,-1.4964,0.1543,0.849,-4.4997,FALSE,407029,s_m
hsa-miR-30a-3p,0.0846,5.2912,0.2177,0.8304,0.9411,-6.4767,FALSE,407029,s_c
hsa-miR-30a-3p,0.7619,5.2912,1.4642,0.1627,0.988,-4.5805,FALSE,407029,m_c
hsa-miR-30a-5p,0.0044,4.6399,0.0103,0.9919,0.9991,-5.2541,FALSE,407029,s_m
hsa-miR-30a-5p,0.2146,4.6399,0.6454,0.5279,0.8715,-6.2616,FALSE,407029,s_c
hsa-miR-30a-5p,0.2101,4.6399,0.4313,0.6721,0.988,-4.6047,FALSE,407029,m_c
hsa-miR-30b-3p,1.2675,3.9611,1.7886,0.0929,0.8163,-4.1436,FALSE,407030,s_m
hsa-miR-30b-3p,0.0776,3.9611,0.1699,0.8673,0.9533,-6.4999,FALSE,407030,s_c
hsa-miR-30b-3p,-1.1898,3.9611,-1.5414,0.143,0.988,-4.5837,FALSE,407030,m_c
hsa-miR-30b-5p,0.6561,4.38,0.6864,0.5024,0.9196,-4.9981,FALSE,407030,s_m
hsa-miR-30b-5p,0.5046,4.38,0.7569,0.4602,0.8391,-6.1565,FALSE,407030,s_c
hsa-miR-30b-5p,-0.1515,4.38,-0.142,0.8889,0.988,-4.6043,FALSE,407030,m_c
hsa-miR-30c-1-3p,0.9656,3.4712,1.4403,0.1693,0.852,-4.4651,FALSE,407031,s_m
hsa-miR-30c-1-3p,0.0333,3.4712,0.0729,0.9428,0.9822,-6.4239,FALSE,407031,s_c
hsa-miR-30c-1-3p,-0.9323,3.4712,-1.2668,0.2236,0.988,-4.5903,FALSE,407031,m_c
hsa-miR-30c-2-3p,-0.9953,-1.5,-0.9126,0.3752,0.9068,-4.6901,FALSE,407032,s_m
hsa-miR-30c-2-3p,3.5957,-1.5,2.5554,0.0213,0.4407,-3.1616,TRUE,407032,s_c
hsa-miR-30c-2-3p,4.5909,-1.5,2.8288,0.0122,0.988,-4.5866,TRUE,407032,m_c
hsa-miR-30c-5p,1.4506,4.6918,1.29,0.2156,0.852,-4.6892,FALSE,407032,s_m
hsa-miR-30c-5p,1.9567,4.6918,2.1569,0.0468,0.508,-4.4101,FALSE,407032,s_c
hsa-miR-30c-5p,0.5061,4.6918,0.3805,0.7086,0.988,-4.6063,FALSE,407032,m_c
hsa-miR-30d-3p,2.375,2.231,2.0673,0.0555,0.7475,-4.0932,FALSE,407033,s_m
hsa-miR-30d-3p,-0.055,2.231,-0.1013,0.9206,0.9795,-6.2756,FALSE,407033,s_c
hsa-miR-30d-3p,-2.43,2.231,-2.014,0.0614,0.988,-4.5867,FALSE,407033,m_c
hsa-miR-30d-5p,0.4632,10.842,2.002,0.0628,0.7475,-4.1149,FALSE,407033,s_m
hsa-miR-30d-5p,-0.0411,10.842,-0.217,0.831,0.9411,-7.0761,FALSE,407033,s_c
hsa-miR-30d-5p,-0.5043,10.842,-1.9263,0.0723,0.988,-4.5,FALSE,407033,m_c
hsa-miR-30e-3p,0.4235,9.4345,1.6196,0.1251,0.8163,-4.5753,FALSE,407034,s_m
hsa-miR-30e-3p,0.1728,9.4345,0.8149,0.4273,0.8212,-6.638,FALSE,407034,s_c
hsa-miR-30e-3p,-0.2507,9.4345,-0.847,0.4096,0.988,-4.6056,FALSE,407034,m_c
hsa-miR-30e-5p,0.1514,8.9103,0.6085,0.5515,0.9285,-5.5128,FALSE,407034,s_m
hsa-miR-30e-5p,0.0487,8.9103,0.2415,0.8123,0.934,-6.9109,FALSE,407034,s_c
hsa-miR-30e-5p,-0.1026,8.9103,-0.3649,0.72,0.988,-4.6237,FALSE,407034,m_c
hsa-miR-31-5p,-1.9494,3.3317,-2.84,0.0119,0.5633,-2.9978,FALSE,407035,s_m
hsa-miR-31-5p,-0.7994,3.3317,-1.2181,0.2411,0.7175,-5.4,FALSE,407035,s_c
hsa-miR-31-5p,1.15,3.3317,1.4833,0.1577,0.988,-4.5861,FALSE,407035,m_c
hsa-miR-3115,0.0624,3.5815,0.1102,0.9137,0.9963,-5.1391,FALSE,100422866,s_m
hsa-miR-3115,-0.256,3.5815,-0.5783,0.5712,0.8764,-6.1362,FALSE,100422866,s_c
hsa-miR-3115,-0.3184,3.5815,-0.5029,0.6219,0.988,-4.6016,FALSE,100422866,m_c
hsa-miR-3120-3p,0.0633,6.2977,0.1696,0.8675,0.9889,-5.4139,FALSE,100422882,s_m
hsa-miR-3120-3p,0.3659,6.2977,1.24,0.2331,0.7175,-5.9004,FALSE,100422882,s_c
hsa-miR-3120-3p,0.3025,6.2977,0.714,0.4856,0.988,-4.6039,FALSE,100422882,m_c
hsa-miR-3120-5p,0.6174,-1.2069,0.3635,0.721,0.9785,-4.7828,FALSE,100422882,s_m
hsa-miR-3120-5p,1.4429,-1.2069,0.9747,0.3444,0.783,-5.1675,FALSE,100422882,s_c
hsa-miR-3120-5p,0.8255,-1.2069,0.402,0.6931,0.988,-4.5968,FALSE,100422882,m_c
hsa-miR-3121-3p,-0.9471,-3.0256,-0.691,0.4996,0.9196,-4.6961,FALSE,100423032,s_m
hsa-miR-3121-3p,0.8317,-3.0256,0.6103,0.5504,0.8745,-5.2259,FALSE,100423032,s_c
hsa-miR-3121-3p,1.7787,-3.0256,1.0592,0.3055,0.988,-4.5949,FALSE,100423032,m_c
hsa-miR-3124-5p,0.7195,-1.6103,0.4815,0.6368,0.9525,-4.7505,FALSE,100422879,s_m
hsa-miR-3124-5p,1.449,-1.6103,1.0792,0.2967,0.7446,-5.0189,FALSE,100422879,s_c
hsa-miR-3124-5p,0.7296,-1.6103,0.401,0.6938,0.988,-4.5966,FALSE,100422879,m_c
hsa-miR-3130-3p,1.8142,-3.7507,1.0757,0.3019,0.8904,-4.5979,FALSE,100422993,s_m
hsa-miR-3130-3p,5.7976,-3.7507,3.2614,0.0063,0.3182,-2.3766,TRUE,100422993,s_c
hsa-miR-3130-3p,3.9834,-3.7507,1.7628,0.1018,0.988,-4.593,FALSE,100422993,m_c
hsa-miR-3130-5p,0.9787,-2.8286,0.565,0.58,0.934,-4.7052,FALSE,100422993,s_m
hsa-miR-3130-5p,0.1125,-2.8286,0.0768,0.9397,0.9816,-5.4533,FALSE,100422993,s_c
hsa-miR-3130-5p,-0.8662,-2.8286,-0.4397,0.6661,0.988,-4.5964,FALSE,100422993,m_c
hsa-miR-3136-5p,2.3804,-2.3721,1.5675,0.1368,0.8163,-4.4311,FALSE,100422859,s_m
hsa-miR-3136-5p,1.9259,-2.3721,1.4405,0.1692,0.6688,-4.6268,FALSE,100422859,s_c
hsa-miR-3136-5p,-0.4545,-2.3721,-0.2451,0.8096,0.988,-4.5966,FALSE,100422859,m_c
hsa-miR-3138,-0.287,2.5403,-0.3815,0.7079,0.9785,-4.9993,FALSE,100423011,s_m
hsa-miR-3138,-0.4593,2.5403,-0.8338,0.4168,0.8212,-5.8709,FALSE,100423011,s_c
hsa-miR-3138,-0.1723,2.5403,-0.2094,0.8368,0.988,-4.6015,FALSE,100423011,m_c
hsa-miR-3140-3p,-0.2196,3.5203,-0.3738,0.7135,0.9785,-5.0886,FALSE,100422896,s_m
hsa-miR-3140-3p,0.1111,3.5203,0.2223,0.8269,0.9411,-6.1901,FALSE,100422896,s_c
hsa-miR-3140-3p,0.3307,3.5203,0.4864,0.6334,0.988,-4.6012,FALSE,100422896,m_c
hsa-miR-3143,0.157,1.855,0.2186,0.8297,0.985,-4.9264,FALSE,100422934,s_m
hsa-miR-3143,0.4232,1.855,0.727,0.4779,0.8391,-5.6807,FALSE,100422934,s_c
hsa-miR-3143,0.2662,1.855,0.3205,0.7528,0.988,-4.5988,FALSE,100422934,m_c
hsa-miR-3144-5p,2.643,-4.3357,1.6176,0.1301,0.8163,-4.4372,FALSE,100422951,s_m
hsa-miR-3144-5p,3.2358,-4.3357,2.0051,0.0666,0.5534,-3.9255,FALSE,100422951,s_c
hsa-miR-3144-5p,0.5928,-4.3357,0.284,0.781,0.988,-4.5962,FALSE,100422951,m_c
hsa-miR-3146,0.7362,-1.4267,0.4096,0.6876,0.9763,-4.7657,FALSE,100422967,s_m
hsa-miR-3146,1.7971,-1.4267,1.1332,0.274,0.7446,-4.9925,FALSE,100422967,s_c
hsa-miR-3146,1.061,-1.4267,0.4893,0.6314,0.988,-4.5965,FALSE,100422967,m_c
hsa-miR-3150a-5p,2.2955,-2.8604,1.2482,0.2301,0.852,-4.5451,FALSE,100422964,s_m
hsa-miR-3150a-5p,1.9793,-2.8604,1.2073,0.2451,0.7175,-4.8506,FALSE,100422964,s_c
hsa-miR-3150a-5p,-0.3162,-2.8604,-0.1412,0.8895,0.988,-4.5966,FALSE,100422964,m_c
hsa-miR-3154,0.581,-2.8984,0.3288,0.7466,0.9842,-4.7754,FALSE,100422893,s_m
hsa-miR-3154,1.5822,-2.8984,0.858,0.4037,0.8174,-5.1016,FALSE,100422893,s_c
hsa-miR-3154,1.0012,-2.8984,0.4471,0.6609,0.988,-4.5965,FALSE,100422893,m_c
hsa-miR-3157-5p,0.1,2.4497,0.1464,0.8854,0.9953,-4.9731,FALSE,100422892,s_m
hsa-miR-3157-5p,0.1071,2.4497,0.202,0.8425,0.9483,-6.0307,FALSE,100422892,s_c
hsa-miR-3157-5p,0.0071,2.4497,0.0093,0.9927,0.9967,-4.6001,FALSE,100422892,m_c
hsa-miR-3158-3p,-1.0434,-2.5601,-0.6301,0.5377,0.9196,-4.7108,FALSE,100422900,s_m
hsa-miR-3158-3p,-0.1954,-2.5601,-0.1287,0.8993,0.9711,-5.4491,FALSE,100422900,s_c
hsa-miR-3158-3p,0.8481,-2.5601,0.4394,0.6663,0.988,-4.5965,FALSE,100422900,m_c
hsa-miR-3158-5p,-0.2674,0.974,-0.3094,0.7611,0.9842,-4.8825,FALSE,100422900,s_m
hsa-miR-3158-5p,-0.6967,0.974,-1.0537,0.3079,0.7465,-5.3982,FALSE,100422900,s_c
hsa-miR-3158-5p,-0.4293,0.974,-0.4555,0.6549,0.988,-4.5983,FALSE,100422900,m_c
hsa-miR-3161,0.11,-1.2353,0.0287,0.9774,0.9991,-4.7669,FALSE,100423000,s_m
hsa-miR-3161,-1.2764,-1.2353,-0.4548,0.6554,0.8987,-5.5345,FALSE,100423000,s_c
hsa-miR-3161,-1.3863,-1.2353,-0.3426,0.7364,0.988,-4.5969,FALSE,100423000,m_c
hsa-miR-3163,-0.3647,-3.7121,-0.1615,0.8742,0.9895,-4.7222,FALSE,100423029,s_m
hsa-miR-3163,-2.4304,-3.7121,-1.3069,0.2143,0.7175,-4.7162,FALSE,100423029,s_c
hsa-miR-3163,-2.0657,-3.7121,-0.8642,0.4034,0.988,-4.5955,FALSE,100423029,m_c
hsa-miR-3165,0.948,-2.4242,0.5808,0.5696,0.934,-4.7234,FALSE,100422953,s_m
hsa-miR-3165,1.9186,-2.4242,1.2603,0.2259,0.7175,-4.8003,FALSE,100422953,s_c
hsa-miR-3165,0.9706,-2.4242,0.4822,0.6363,0.988,-4.5963,FALSE,100422953,m_c
hsa-miR-3173-5p,0.7805,-2.0406,0.6666,0.5147,0.9196,-4.7233,FALSE,100422981,s_m
hsa-miR-3173-5p,4.8576,-2.0406,3.5974,0.0025,0.2524,-1.7289,TRUE,100422981,s_c
hsa-miR-3173-5p,4.0771,-2.0406,2.4406,0.0268,0.988,-4.5901,TRUE,100422981,m_c
hsa-miR-3174,0.871,-0.9282,0.6557,0.5214,0.9196,-4.7265,FALSE,100422841,s_m
hsa-miR-3174,4.4412,-0.9282,3.0596,0.0076,0.3182,-2.4401,TRUE,100422841,s_c
hsa-miR-3174,3.5702,-0.9282,1.9567,0.0683,0.988,-4.5917,FALSE,100422841,m_c
hsa-miR-3175,0.5696,-1.9816,0.3042,0.765,0.9842,-4.7919,FALSE,100422995,s_m
hsa-miR-3175,0.665,-1.9816,0.3696,0.7166,0.922,-5.4505,FALSE,100422995,s_c
hsa-miR-3175,0.0954,-1.9816,0.0426,0.9666,0.9958,-4.5972,FALSE,100422995,m_c
hsa-miR-3177-3p,-0.2584,3.1458,-0.3439,0.7355,0.9842,-5.147,FALSE,100423012,s_m
hsa-miR-3177-3p,0.4194,3.1458,0.6415,0.5304,0.8715,-6.061,FALSE,100423012,s_c
hsa-miR-3177-3p,0.6778,3.1458,0.7673,0.4542,0.988,-4.5988,FALSE,100423012,m_c
hsa-miR-3177-5p,0.2241,0.0677,0.2312,0.8201,0.985,-4.8524,FALSE,100423012,s_m
hsa-miR-3177-5p,-0.1053,0.0677,-0.1346,0.8946,0.9711,-5.7824,FALSE,100423012,s_c
hsa-miR-3177-5p,-0.3294,0.0677,-0.3018,0.7668,0.988,-4.5979,FALSE,100423012,m_c
hsa-miR-3179,0.2665,-1.6018,0.2054,0.8399,0.985,-4.8002,FALSE,100422960,s_m
hsa-miR-3179,1.6686,-1.6018,1.3354,0.2007,0.7021,-4.7605,FALSE,100422960,s_c
hsa-miR-3179,1.4021,-1.6018,0.8624,0.4014,0.988,-4.5956,FALSE,100422960,m_c
hsa-miR-3180-5p,-2.9286,-2.7517,-1.8992,0.076,0.7793,-4.2864,FALSE,100422870,s_m
hsa-miR-3180-5p,-1.2475,-2.7517,-0.8037,0.4335,0.8236,-5.1264,FALSE,100422870,s_c
hsa-miR-3180-5p,1.6811,-2.7517,0.9449,0.3589,0.988,-4.5953,FALSE,100422870,m_c
hsa-miR-3187-3p,2.2751,0.092,1.601,0.1292,0.8163,-4.3879,FALSE,100422854,s_m
hsa-miR-3187-3p,1.0594,0.092,1.0982,0.2886,0.7446,-5.2654,FALSE,100422854,s_c
hsa-miR-3187-3p,-1.2157,0.092,-0.7566,0.4604,0.988,-4.5961,FALSE,100422854,m_c
hsa-miR-3187-5p,-3.2325,-3.5901,-1.8091,0.0895,0.8094,-4.3517,FALSE,100422854,s_m
hsa-miR-3187-5p,-0.1814,-3.5901,-0.0947,0.9257,0.9803,-5.2804,FALSE,100422854,s_c
hsa-miR-3187-5p,3.0511,-3.5901,1.4039,0.1797,0.988,-4.5939,FALSE,100422854,m_c
hsa-miR-3188,1.8901,-1.2181,1.1685,0.2599,0.8643,-4.5717,FALSE,100422833,s_m
hsa-miR-3188,3.1494,-1.2181,2.1448,0.0479,0.508,-3.749,TRUE,100422833,s_c
hsa-miR-3188,1.2593,-1.2181,0.62,0.5441,0.988,-4.5961,FALSE,100422833,m_c
hsa-miR-3190-3p,1.318,-0.8915,0.9954,0.3345,0.8985,-4.6299,FALSE,100422899,s_m
hsa-miR-3190-3p,0.1009,-0.8915,0.1046,0.918,0.9793,-5.7088,FALSE,100422899,s_c
hsa-miR-3190-3p,-1.2171,-0.8915,-0.8216,0.4236,0.988,-4.5958,FALSE,100422899,m_c
hsa-miR-3191-3p,0.1867,-2.5218,0.1242,0.9027,0.9953,-4.7795,FALSE,100422832,s_m
hsa-miR-3191-3p,2.4722,-2.5218,1.6249,0.124,0.6349,-4.3788,FALSE,100422832,s_c
hsa-miR-3191-3p,2.2855,-2.5218,1.1872,0.2527,0.988,-4.5945,FALSE,100422832,m_c
hsa-miR-3191-5p,1.6309,-3.5306,1.1854,0.2534,0.8641,-4.5651,FALSE,100422832,s_m
hsa-miR-3191-5p,3.2468,-3.5306,2.2848,0.0365,0.4809,-3.5498,TRUE,100422832,s_c
hsa-miR-3191-5p,1.6159,-3.5306,0.8978,0.3828,0.988,-4.5953,FALSE,100422832,m_c
hsa-miR-3192-5p,3.0782,-2.4746,1.9179,0.0734,0.7793,-4.2994,FALSE,100422875,s_m
hsa-miR-3192-5p,2.0983,-2.4746,1.5364,0.1442,0.6435,-4.5263,FALSE,100422875,s_c
hsa-miR-3192-5p,-0.9799,-2.4746,-0.5052,0.6204,0.988,-4.5962,FALSE,100422875,m_c
hsa-miR-3198,1.7299,0.8349,1.6307,0.1227,0.8163,-4.3729,FALSE,100423025,s_m
hsa-miR-3198,-0.4506,0.8349,-0.7283,0.4771,0.8391,-5.7145,FALSE,100423025,s_c
hsa-miR-3198,-2.1805,0.8349,-1.9332,0.0713,0.988,-4.5891,FALSE,100423025,m_c
hsa-miR-3199,0.0776,-1.1567,0.0722,0.9434,0.9984,-4.8617,FALSE,100423034,s_m
hsa-miR-3199,2.8829,-1.1567,2.3617,0.0314,0.4809,-3.4316,TRUE,100423034,s_c
hsa-miR-3199,2.8054,-1.1567,1.888,0.0775,0.988,-4.5908,FALSE,100423034,m_c
hsa-miR-32-3p,0.2155,6.3327,0.6428,0.5296,0.9196,-5.2455,FALSE,407036,s_m
hsa-miR-32-3p,0.0114,6.3327,0.0455,0.9643,0.9922,-6.7099,FALSE,407036,s_c
hsa-miR-32-3p,-0.204,6.3327,-0.5461,0.5926,0.988,-4.608,FALSE,407036,m_c
hsa-miR-32-5p,-0.3401,2.523,-0.391,0.701,0.9774,-4.9466,FALSE,407036,s_m
hsa-miR-32-5p,0.3346,2.523,0.4721,0.6433,0.8928,-5.915,FALSE,407036,s_c
hsa-miR-32-5p,0.6746,2.523,0.6717,0.5115,0.988,-4.5978,FALSE,407036,m_c
hsa-miR-3200-3p,-3.1245,-3.3081,-1.7847,0.0935,0.8163,-4.3688,FALSE,100422912,s_m
hsa-miR-3200-3p,-1.9756,-3.3081,-1.1787,0.256,0.7269,-4.804,FALSE,100422912,s_c
hsa-miR-3200-3p,1.1489,-3.3081,0.5886,0.5645,0.988,-4.5961,FALSE,100422912,m_c
hsa-miR-3200-5p,-1.1345,-3.1823,-0.846,0.4102,0.9194,-4.6597,FALSE,100422912,s_m
hsa-miR-3200-5p,2.2382,-3.1823,1.5276,0.1464,0.6435,-4.44,FALSE,100422912,s_c
hsa-miR-3200-5p,3.3727,-3.1823,1.9358,0.071,0.988,-4.5922,FALSE,100422912,m_c
hsa-miR-320a-3p,-0.0612,11.2056,-0.1968,0.8465,0.9863,-5.8566,FALSE,407037,s_m
hsa-miR-320a-3p,-0.1909,11.2056,-0.7238,0.4797,0.8391,-6.8348,FALSE,407037,s_c
hsa-miR-320a-3p,-0.1296,11.2056,-0.3664,0.7189,0.988,-4.6374,FALSE,407037,m_c
hsa-miR-320b,-0.3516,3.9433,-0.6542,0.5224,0.9196,-5.0333,FALSE,100302117,s_m
hsa-miR-320b,-0.2882,3.9433,-0.6579,0.5201,0.8715,-6.1099,FALSE,100302117,s_c
hsa-miR-320b,0.0634,3.9433,0.1046,0.918,0.9889,-4.6049,FALSE,100302117,m_c
hsa-miR-320c,-0.07,3.3036,-0.122,0.9044,0.9953,-5.0936,FALSE,100302135,s_m
hsa-miR-320c,-0.0711,3.3036,-0.1573,0.877,0.9574,-6.2191,FALSE,100302135,s_c
hsa-miR-320c,-0.0011,3.3036,-0.0017,0.9987,0.9989,-4.6027,FALSE,100302135,m_c
hsa-miR-320d,-0.0843,4.2426,-0.1652,0.8709,0.9893,-5.2082,FALSE,100313896,s_m
hsa-miR-320d,0.0367,4.2426,0.0886,0.9305,0.9803,-6.3692,FALSE,100313896,s_c
hsa-miR-320d,0.121,4.2426,0.2081,0.8378,0.988,-4.6051,FALSE,100313896,m_c
hsa-miR-320e,-0.2817,0.196,-0.3013,0.7671,0.9842,-4.8384,FALSE,100422913,s_m
hsa-miR-320e,0.5783,0.196,0.6795,0.5067,0.8608,-5.4562,FALSE,100422913,s_c
hsa-miR-320e,0.86,0.196,0.7758,0.4493,0.988,-4.5962,FALSE,100422913,m_c
hsa-miR-323a-3p,-0.3803,6.6292,-0.9818,0.341,0.9028,-5.1131,FALSE,442897,s_m
hsa-miR-323a-3p,0.7759,6.6292,2.3045,0.0351,0.4809,-4.3075,FALSE,442897,s_c
hsa-miR-323a-3p,1.1562,6.6292,2.5426,0.0219,0.988,-4.5122,FALSE,442897,m_c
hsa-miR-323a-5p,0.5648,1.5083,0.6515,0.5241,0.9196,-4.9042,FALSE,442897,s_m
hsa-miR-323a-5p,2.0624,1.5083,2.407,0.0287,0.4809,-3.5087,TRUE,442897,s_c
hsa-miR-323a-5p,1.4976,1.5083,1.3233,0.2046,0.988,-4.5921,FALSE,442897,m_c
hsa-miR-323b-3p,-0.4371,7.7834,-0.7793,0.4473,0.9196,-5.3119,FALSE,574410,s_m
hsa-miR-323b-3p,-0.1451,7.7834,-0.3226,0.7512,0.9256,-6.7846,FALSE,574410,s_c
hsa-miR-323b-3p,0.292,7.7834,0.4628,0.6498,0.988,-4.616,FALSE,574410,m_c
hsa-miR-323b-5p,-3.6991,-1.5905,-1.7071,0.1074,0.8163,-4.3724,FALSE,574410,s_m
hsa-miR-323b-5p,-2.5071,-1.5905,-1.244,0.2316,0.7175,-4.8089,FALSE,574410,s_c
hsa-miR-323b-5p,1.1921,-1.5905,0.5083,0.6183,0.988,-4.5966,FALSE,574410,m_c
hsa-miR-324-3p,0.1961,-1.6195,0.1201,0.9059,0.9953,-4.7888,FALSE,442898,s_m
hsa-miR-324-3p,1.7281,-1.6195,1.1076,0.2846,0.7446,-4.9562,FALSE,442898,s_c
hsa-miR-324-3p,1.5319,-1.6195,0.7512,0.4636,0.988,-4.5958,FALSE,442898,m_c
hsa-miR-324-5p,0.3971,10.7279,1.2222,0.2396,0.852,-5.1582,FALSE,442898,s_m
hsa-miR-324-5p,0.4848,10.7279,1.7399,0.1013,0.5991,-5.6099,FALSE,442898,s_c
hsa-miR-324-5p,0.0877,10.7279,0.234,0.818,0.988,-4.638,FALSE,442898,m_c
hsa-miR-326,0.5709,1.0518,0.6298,0.5379,0.9196,-4.8029,FALSE,442900,s_m
hsa-miR-326,0.1987,1.0518,0.295,0.7719,0.9258,-5.8927,FALSE,442900,s_c
hsa-miR-326,-0.3722,1.0518,-0.3672,0.7183,0.988,-4.5983,FALSE,442900,m_c
hsa-miR-328-3p,0.1801,3.7181,0.2142,0.8331,0.985,-5.1977,FALSE,442901,s_m
hsa-miR-328-3p,0.6373,3.7181,0.9532,0.3548,0.7914,-5.9339,FALSE,442901,s_c
hsa-miR-328-3p,0.4572,3.7181,0.4723,0.6431,0.988,-4.603,FALSE,442901,m_c
hsa-miR-329-3p,-0.0448,1.7604,-0.0394,0.9691,0.9991,-5.0963,FALSE,574408,s_m
hsa-miR-329-3p,1.3102,1.7604,1.1452,0.2692,0.7433,-5.3695,FALSE,574408,s_c
hsa-miR-329-3p,1.3551,1.7604,0.9271,0.3678,0.988,-4.5959,FALSE,574408,m_c
hsa-miR-329-5p,0.843,-0.057,0.5553,0.5865,0.934,-4.7665,FALSE,574408,s_m
hsa-miR-329-5p,2.5245,-0.057,1.8958,0.0764,0.56,-4.1465,FALSE,574408,s_c
hsa-miR-329-5p,1.6815,-0.057,0.8951,0.3841,0.988,-4.5955,FALSE,574408,m_c
hsa-miR-330-3p,0.5297,6.2783,1.3885,0.1842,0.852,-4.643,FALSE,442902,s_m
hsa-miR-330-3p,0.5223,6.2783,1.8367,0.0852,0.5792,-5.109,FALSE,442902,s_c
hsa-miR-330-3p,-0.0074,6.2783,-0.0172,0.9865,0.9967,-4.613,FALSE,442902,m_c
hsa-miR-330-5p,1.2483,1.5764,1.1395,0.2715,0.8879,-4.6264,FALSE,442902,s_m
hsa-miR-330-5p,1.0639,1.5764,1.2507,0.2293,0.7175,-5.2878,FALSE,442902,s_c
hsa-miR-330-5p,-0.1844,1.5764,-0.143,0.8881,0.988,-4.5995,FALSE,442902,m_c
hsa-miR-331-3p,0.7153,5.0233,1.1953,0.2496,0.8549,-4.718,FALSE,442903,s_m
hsa-miR-331-3p,0.2947,5.0233,0.7048,0.4912,0.8428,-6.2925,FALSE,442903,s_c
hsa-miR-331-3p,-0.4206,5.0233,-0.6334,0.5355,0.988,-4.602,FALSE,442903,m_c
hsa-miR-331-5p,0.1113,2.7435,0.1748,0.8635,0.9867,-5.0384,FALSE,442903,s_m
hsa-miR-331-5p,0.1002,2.7435,0.1942,0.8485,0.951,-6.107,FALSE,442903,s_c
hsa-miR-331-5p,-0.0111,2.7435,-0.0152,0.9881,0.9967,-4.6013,FALSE,442903,m_c
hsa-miR-335-3p,0.2973,7.4332,0.7115,0.4871,0.9196,-5.2819,FALSE,442904,s_m
hsa-miR-335-3p,-0.251,7.4332,-0.8252,0.4215,0.8212,-6.4902,FALSE,442904,s_c
hsa-miR-335-3p,-0.5483,7.4332,-1.1898,0.2517,0.988,-4.587,FALSE,442904,m_c
hsa-miR-335-5p,-0.0703,11.9592,-0.2678,0.7923,0.9842,-5.8982,FALSE,442904,s_m
hsa-miR-335-5p,-0.3125,11.9592,-1.4119,0.1774,0.6841,-6.1819,FALSE,442904,s_c
hsa-miR-335-5p,-0.2422,11.9592,-0.814,0.4277,0.988,-4.615,FALSE,442904,m_c
hsa-miR-337-3p,0.6156,4.0291,0.6483,0.5261,0.9196,-5.0198,FALSE,442905,s_m
hsa-miR-337-3p,0.5311,4.0291,0.835,0.4162,0.8212,-6.1399,FALSE,442905,s_c
hsa-miR-337-3p,-0.0845,4.0291,-0.0804,0.937,0.9897,-4.6047,FALSE,442905,m_c
hsa-miR-337-5p,-0.0312,8.1621,-0.0972,0.9238,0.9963,-5.6499,FALSE,442905,s_m
hsa-miR-337-5p,0.5692,8.1621,2.1125,0.0509,0.508,-4.8078,FALSE,442905,s_c
hsa-miR-337-5p,0.6004,8.1621,1.6275,0.1234,0.988,-4.5548,FALSE,442905,m_c
hsa-miR-338-3p,-0.1021,6.6111,-0.3009,0.7674,0.9842,-5.4454,FALSE,442906,s_m
hsa-miR-338-3p,0.3734,6.6111,1.3749,0.1883,0.6994,-5.7898,FALSE,442906,s_c
hsa-miR-338-3p,0.4755,6.6111,1.2312,0.2363,0.988,-4.5859,FALSE,442906,m_c
hsa-miR-338-5p,-0.1852,6.7154,-0.5129,0.6151,0.9404,-5.385,FALSE,442906,s_m
hsa-miR-338-5p,0.1147,6.7154,0.3899,0.7018,0.9185,-6.6469,FALSE,442906,s_c
hsa-miR-338-5p,0.2999,6.7154,0.7304,0.4758,0.988,-4.6051,FALSE,442906,m_c
hsa-miR-339-3p,-0.001,7.1876,-0.0028,0.9978,0.9991,-5.5405,FALSE,442907,s_m
hsa-miR-339-3p,-0.0744,7.1876,-0.2664,0.7934,0.9314,-6.7561,FALSE,442907,s_c
hsa-miR-339-3p,-0.0734,7.1876,-0.1864,0.8545,0.988,-4.6184,FALSE,442907,m_c
hsa-miR-339-5p,0.6249,4.4654,0.9202,0.3713,0.9068,-4.8972,FALSE,442907,s_m
hsa-miR-339-5p,0.3643,4.4654,0.748,0.4655,0.8391,-6.1896,FALSE,442907,s_c
hsa-miR-339-5p,-0.2607,4.4654,-0.3429,0.7362,0.988,-4.6043,FALSE,442907,m_c
hsa-miR-33a-3p,-0.5614,0.7203,-0.5407,0.5963,0.934,-4.8813,FALSE,407039,s_m
hsa-miR-33a-3p,1.59,0.7203,1.5017,0.1529,0.6478,-4.7602,FALSE,407039,s_c
hsa-miR-33a-3p,2.1514,0.7203,1.6124,0.1267,0.988,-4.5902,FALSE,407039,m_c
hsa-miR-33a-5p,-0.2803,6.1185,-0.5921,0.5622,0.9288,-5.2456,FALSE,407039,s_m
hsa-miR-33a-5p,0.0358,6.1185,0.098,0.9232,0.9803,-6.6445,FALSE,407039,s_c
hsa-miR-33a-5p,0.3161,6.1185,0.5957,0.5598,0.988,-4.606,FALSE,407039,m_c
hsa-miR-33b-3p,2.6682,-2.9817,1.5571,0.1392,0.8163,-4.4392,FALSE,693120,s_m
hsa-miR-33b-3p,3.7396,-2.9817,2.1682,0.0458,0.5073,-3.697,TRUE,693120,s_c
hsa-miR-33b-3p,1.0714,-2.9817,0.4759,0.6406,0.988,-4.5961,FALSE,693120,m_c
hsa-miR-340-3p,0.9822,6.6484,1.8663,0.0807,0.7851,-4.1024,FALSE,442908,s_m
hsa-miR-340-3p,0.3843,6.6484,0.9997,0.3325,0.7731,-6.2562,FALSE,442908,s_c
hsa-miR-340-3p,-0.5979,6.6484,-1.0182,0.3239,0.988,-4.5948,FALSE,442908,m_c
hsa-miR-340-5p,-0.0934,8.0615,-0.2765,0.7858,0.9842,-5.5571,FALSE,442908,s_m
hsa-miR-340-5p,-0.1568,8.0615,-0.5949,0.5603,0.8764,-6.6914,FALSE,442908,s_c
hsa-miR-340-5p,-0.0634,8.0615,-0.1678,0.8689,0.988,-4.6218,FALSE,442908,m_c
hsa-miR-342-3p,0.8971,10.6997,2.0103,0.0618,0.7475,-4.0849,FALSE,442909,s_m
hsa-miR-342-3p,-0.2045,10.6997,-0.5746,0.5736,0.8764,-6.9255,FALSE,442909,s_c
hsa-miR-342-3p,-1.1016,10.6997,-2.1974,0.0433,0.988,-4.4723,FALSE,442909,m_c
hsa-miR-342-5p,0.1421,5.8479,0.3251,0.7494,0.9842,-5.3543,FALSE,442909,s_m
hsa-miR-342-5p,-0.4489,5.8479,-1.3496,0.1962,0.702,-5.7699,FALSE,442909,s_c
hsa-miR-342-5p,-0.591,5.8479,-1.2194,0.2406,0.988,-4.5876,FALSE,442909,m_c
hsa-miR-345-5p,0.0316,5.6196,0.0843,0.9339,0.9963,-5.3685,FALSE,442910,s_m
hsa-miR-345-5p,-0.0598,5.6196,-0.2036,0.8412,0.9482,-6.5864,FALSE,442910,s_c
hsa-miR-345-5p,-0.0913,5.6196,-0.2172,0.8309,0.988,-4.6105,FALSE,442910,m_c
hsa-miR-34a-5p,-0.3769,3.4284,-0.6537,0.5227,0.9196,-4.9489,FALSE,407040,s_m
hsa-miR-34a-5p,-0.2846,3.4284,-0.6449,0.5282,0.8715,-6.0349,FALSE,407040,s_c
hsa-miR-34a-5p,0.0923,3.4284,0.1439,0.8874,0.988,-4.6025,FALSE,407040,m_c
hsa-miR-3605-3p,0.804,2.5985,1.0363,0.3157,0.8932,-4.7185,FALSE,100500853,s_m
hsa-miR-3605-3p,0.0434,2.5985,0.0811,0.9364,0.9803,-6.2625,FALSE,100500853,s_c
hsa-miR-3605-3p,-0.7605,2.5985,-0.89,0.3868,0.988,-4.5964,FALSE,100500853,m_c
hsa-miR-3605-5p,0.6239,1.3805,0.7614,0.4576,0.9196,-4.7752,FALSE,100500853,s_m
hsa-miR-3605-5p,-0.0145,1.3805,-0.0248,0.9805,0.9922,-6.0156,FALSE,100500853,s_c
hsa-miR-3605-5p,-0.6384,1.3805,-0.7044,0.4915,0.988,-4.5971,FALSE,100500853,m_c
hsa-miR-361-3p,0.2838,2.1306,0.3161,0.756,0.9842,-4.9632,FALSE,494323,s_m
hsa-miR-361-3p,0.4095,2.1306,0.6225,0.5425,0.8728,-5.935,FALSE,494323,s_c
hsa-miR-361-3p,0.1257,2.1306,0.1244,0.9025,0.988,-4.6003,FALSE,494323,m_c
hsa-miR-361-5p,0.0372,11.208,0.1367,0.893,0.9953,-5.8733,FALSE,494323,s_m
hsa-miR-361-5p,-0.1363,11.208,-0.5917,0.5624,0.8764,-6.9328,FALSE,494323,s_c
hsa-miR-361-5p,-0.1735,11.208,-0.5603,0.5831,0.988,-4.6292,FALSE,494323,m_c
hsa-miR-3611,-0.9615,2.2992,-1.632,0.1224,0.8163,-4.2963,FALSE,100500890,s_m
hsa-miR-3611,0.0791,2.2992,0.1502,0.8825,0.9607,-5.9727,FALSE,100500890,s_c
hsa-miR-3611,1.0406,2.2992,1.5187,0.1486,0.988,-4.589,FALSE,100500890,m_c
hsa-miR-3613-3p,1.9106,1.0485,1.4251,0.1736,0.852,-4.4626,FALSE,100500908,s_m
hsa-miR-3613-3p,0.0274,1.0485,0.0357,0.9719,0.9922,-6.0398,FALSE,100500908,s_c
hsa-miR-3613-3p,-1.8832,1.0485,-1.3073,0.2098,0.988,-4.5933,FALSE,100500908,m_c
hsa-miR-3613-5p,0.017,3.4008,0.0261,0.9795,0.9991,-5.0818,FALSE,100500908,s_m
hsa-miR-3613-5p,-0.2087,3.4008,-0.435,0.6695,0.9086,-6.1756,FALSE,100500908,s_c
hsa-miR-3613-5p,-0.2258,3.4008,-0.3126,0.7587,0.988,-4.6018,FALSE,100500908,m_c
hsa-miR-3615,-0.1216,3.8197,-0.2317,0.8198,0.985,-5.1307,FALSE,100500847,s_m
hsa-miR-3615,0.1128,3.8197,0.2723,0.7889,0.9314,-6.2678,FALSE,100500847,s_c
hsa-miR-3615,0.2344,3.8197,0.3946,0.6984,0.988,-4.6024,FALSE,100500847,m_c
hsa-miR-3617-3p,3.2939,-0.7351,1.9585,0.0681,0.776,-4.2238,FALSE,100500897,s_m
hsa-miR-3617-3p,0.3504,-0.7351,0.3075,0.7625,0.9256,-5.7605,FALSE,100500897,s_c
hsa-miR-3617-3p,-2.9435,-0.7351,-1.5736,0.1354,0.988,-4.5922,FALSE,100500897,m_c
hsa-miR-3617-5p,1.2542,2.8346,1.3172,0.2066,0.852,-4.5383,FALSE,100500897,s_m
hsa-miR-3617-5p,-0.3765,2.8346,-0.6098,0.5506,0.8745,-6.1551,FALSE,100500897,s_c
hsa-miR-3617-5p,-1.6306,2.8346,-1.5771,0.1346,0.988,-4.5863,FALSE,100500897,m_c
hsa-miR-3619-5p,2.4636,-3.3797,1.5955,0.1304,0.8163,-4.4307,FALSE,100500828,s_m
hsa-miR-3619-5p,3.3825,-3.3797,2.1784,0.0449,0.5073,-3.685,TRUE,100500828,s_c
hsa-miR-3619-5p,0.9189,-3.3797,0.4561,0.6546,0.988,-4.5961,FALSE,100500828,m_c
hsa-miR-362-3p,-3.34,-3.8425,-1.8839,0.0781,0.7793,-4.3388,FALSE,574030,s_m
hsa-miR-362-3p,-0.5293,-3.8425,-0.2842,0.78,0.9259,-5.2352,FALSE,574030,s_c
hsa-miR-362-3p,2.8106,-3.8425,1.3333,0.2013,0.988,-4.5942,FALSE,574030,m_c
hsa-miR-362-5p,0.6505,6.933,1.4057,0.1792,0.852,-4.6749,FALSE,574030,s_m
hsa-miR-362-5p,0.1212,6.933,0.3427,0.7363,0.9256,-6.7172,FALSE,574030,s_c
hsa-miR-362-5p,-0.5292,6.933,-1.0209,0.3227,0.988,-4.5947,FALSE,574030,m_c
hsa-miR-363-3p,0.0057,8.7943,0.0219,0.9828,0.9991,-5.6724,FALSE,574031,s_m
hsa-miR-363-3p,-0.1385,8.7943,-0.655,0.5219,0.8715,-6.7071,FALSE,574031,s_c
hsa-miR-363-3p,-0.1442,8.7943,-0.49,0.6309,0.988,-4.6196,FALSE,574031,m_c
hsa-miR-363-5p,-1.1386,-3.1758,-0.6135,0.5483,0.9285,-4.6859,FALSE,574031,s_m
hsa-miR-363-5p,-3.953,-3.1758,-2.7596,0.0141,0.4019,-2.8393,TRUE,574031,s_c
hsa-miR-363-5p,-2.8143,-3.1758,-1.5067,0.1516,0.988,-4.5932,FALSE,574031,m_c
hsa-miR-365a-3p,0.1568,-1.1769,0.1416,0.8892,0.9953,-4.7777,FALSE,100126355,s_m
hsa-miR-365a-3p,-0.3291,-1.1769,-0.3775,0.7108,0.9193,-5.5437,FALSE,100126355,s_c
hsa-miR-365a-3p,-0.4859,-1.1769,-0.3938,0.699,0.988,-4.5968,FALSE,100126355,m_c
hsa-miR-365b-3p,0.2445,-1.3486,0.2291,0.8217,0.985,-4.7703,FALSE,100126356,s_m
hsa-miR-365b-3p,-0.1539,-1.3486,-0.1799,0.8595,0.9516,-5.5719,FALSE,100126356,s_c
hsa-miR-365b-3p,-0.3984,-1.3486,-0.3319,0.7443,0.988,-4.5968,FALSE,100126356,m_c
hsa-miR-3667-5p,-0.6857,2.0354,-1.0055,0.3298,0.8985,-4.6954,FALSE,100500882,s_m
hsa-miR-3667-5p,-1.1076,2.0354,-2.0327,0.0593,0.5381,-4.1759,FALSE,100500882,s_c
hsa-miR-3667-5p,-0.4218,2.0354,-0.5694,0.5771,0.988,-4.5985,FALSE,100500882,m_c
hsa-miR-3677-5p,1.7144,-3.7448,1.2193,0.2406,0.852,-4.555,FALSE,100500812,s_m
hsa-miR-3677-5p,3.3302,-3.7448,2.2973,0.0356,0.4809,-3.5345,TRUE,100500812,s_c
hsa-miR-3677-5p,1.6158,-3.7448,0.8813,0.3914,0.988,-4.5954,FALSE,100500812,m_c
hsa-miR-3679-5p,1.0149,0.0381,0.869,0.3978,0.9118,-4.6992,FALSE,100500878,s_m
hsa-miR-3679-5p,0.4199,0.0381,0.4654,0.648,0.8943,-5.7101,FALSE,100500878,s_c
hsa-miR-3679-5p,-0.595,0.0381,-0.4433,0.6636,0.988,-4.5974,FALSE,100500878,m_c
hsa-miR-3682-3p,1.0837,-2.974,0.9338,0.3645,0.9068,-4.6419,FALSE,100500850,s_m
hsa-miR-3682-3p,4.5328,-2.974,3.5482,0.0027,0.2524,-1.8339,TRUE,100500850,s_c
hsa-miR-3682-3p,3.4491,-2.974,2.166,0.046,0.988,-4.5914,TRUE,100500850,m_c
hsa-miR-3688-3p,-0.6023,-0.7916,-0.5032,0.6218,0.9424,-4.8105,FALSE,100500881,s_m
hsa-miR-3688-3p,1.3421,-0.7916,1.0815,0.2957,0.7446,-5.0609,FALSE,100500881,s_c
hsa-miR-3688-3p,1.9444,-0.7916,1.2764,0.2203,0.988,-4.5937,FALSE,100500881,m_c
hsa-miR-369-3p,-0.714,10.4503,-1.7059,0.1076,0.8163,-4.5585,FALSE,442914,s_m
hsa-miR-369-3p,-0.0603,10.4503,-0.1632,0.8724,0.9563,-7.0295,FALSE,442914,s_c
hsa-miR-369-3p,0.6537,10.4503,1.3567,0.1939,0.988,-4.5638,FALSE,442914,m_c
hsa-miR-369-5p,-0.0778,7.1914,-0.1613,0.8739,0.9895,-5.5316,FALSE,442914,s_m
hsa-miR-369-5p,0.1846,7.1914,0.4836,0.6353,0.8894,-6.6834,FALSE,442914,s_c
hsa-miR-369-5p,0.2624,7.1914,0.4815,0.6368,0.988,-4.6135,FALSE,442914,m_c
hsa-miR-3691-5p,-0.3492,-2.1656,-0.2728,0.7886,0.9842,-4.7745,FALSE,100500900,s_m
hsa-miR-3691-5p,1.7937,-2.1656,1.4057,0.1792,0.6847,-4.6337,FALSE,100500900,s_c
hsa-miR-3691-5p,2.143,-2.1656,1.3264,0.2036,0.988,-4.594,FALSE,100500900,m_c
hsa-miR-370-3p,0.8766,5.7772,1.5343,0.1447,0.8302,-4.4734,FALSE,442915,s_m
hsa-miR-370-3p,0.8106,5.7772,1.8667,0.0806,0.5744,-5.0135,FALSE,442915,s_c
hsa-miR-370-3p,-0.066,5.7772,-0.1014,0.9205,0.9889,-4.6113,FALSE,442915,m_c
hsa-miR-370-5p,0.2004,1.6114,0.2094,0.8368,0.985,-5.0176,FALSE,442915,s_m
hsa-miR-370-5p,1.6228,1.6114,1.7886,0.0929,0.5837,-4.5144,FALSE,442915,s_c
hsa-miR-370-5p,1.4224,1.6114,1.1682,0.2601,0.988,-4.5935,FALSE,442915,m_c
hsa-miR-371b-5p,0.1902,-3.4472,0.1182,0.9077,0.9953,-4.7862,FALSE,100616185,s_m
hsa-miR-371b-5p,5.219,-3.4472,2.7944,0.0154,0.4019,-2.9639,TRUE,100616185,s_c
hsa-miR-371b-5p,5.0288,-3.4472,2.2605,0.0419,0.988,-4.5911,TRUE,100616185,m_c
hsa-miR-374a-3p,0.661,5.8579,1.2505,0.2293,0.852,-4.7563,FALSE,442919,s_m
hsa-miR-374a-3p,0.4446,5.8579,1.1191,0.2798,0.7446,-6.0258,FALSE,442919,s_c
hsa-miR-374a-3p,-0.2164,5.8579,-0.3637,0.7209,0.988,-4.6092,FALSE,442919,m_c
hsa-miR-374a-5p,0.3955,7.9148,0.795,0.4384,0.9196,-5.2893,FALSE,442919,s_m
hsa-miR-374a-5p,0.2069,7.9148,0.5421,0.5953,0.8786,-6.7147,FALSE,442919,s_c
hsa-miR-374a-5p,-0.1886,7.9148,-0.3383,0.7396,0.988,-4.6181,FALSE,442919,m_c
hsa-miR-374b-3p,0.9602,3.5578,1.3209,0.2054,0.852,-4.5536,FALSE,100126317,s_m
hsa-miR-374b-3p,0.4371,3.5578,0.9166,0.3731,0.8016,-5.9969,FALSE,100126317,s_c
hsa-miR-374b-3p,-0.5231,3.5578,-0.6541,0.5225,0.988,-4.5997,FALSE,100126317,m_c
hsa-miR-374b-5p,0.9584,11.4158,3.3415,0.0042,0.4377,-1.8316,FALSE,100126317,s_m
hsa-miR-374b-5p,0.3659,11.4158,1.5626,0.138,0.6423,-5.9415,FALSE,100126317,s_c
hsa-miR-374b-5p,-0.5925,11.4158,-1.8142,0.0887,0.988,-4.5087,FALSE,100126317,m_c
hsa-miR-374c-5p,1.2181,0.5583,1.0981,0.2886,0.8904,-4.6068,FALSE,100500807,s_m
hsa-miR-374c-5p,0.3224,0.5583,0.3887,0.7027,0.9185,-5.7393,FALSE,100500807,s_c
hsa-miR-374c-5p,-0.8958,0.5583,-0.718,0.4833,0.988,-4.5964,FALSE,100500807,m_c
hsa-miR-375-3p,0.0677,2.7174,0.0683,0.9464,0.9991,-4.9557,FALSE,494324,s_m
hsa-miR-375-3p,-0.7049,2.7174,-1.0516,0.3088,0.7465,-5.6015,FALSE,494324,s_c
hsa-miR-375-3p,-0.7726,2.7174,-0.7303,0.4759,0.988,-4.5975,FALSE,494324,m_c
hsa-miR-376a-2-5p,-3.0997,-3.6043,-1.7415,0.101,0.8163,-4.3787,FALSE,664615,s_m
hsa-miR-376a-2-5p,0.6057,-3.6043,0.311,0.7598,0.9256,-5.2265,FALSE,664615,s_c
hsa-miR-376a-2-5p,3.7054,-3.6043,1.6816,0.1123,0.988,-4.593,FALSE,664615,m_c
hsa-miR-376a-3p,0.1674,5.8045,0.215,0.8325,0.985,-5.4045,FALSE,494325,s_m
hsa-miR-376a-3p,0.4207,5.8045,0.7186,0.4829,0.8405,-6.448,FALSE,494325,s_c
hsa-miR-376a-3p,0.2533,5.8045,0.2894,0.7761,0.988,-4.6119,FALSE,494325,m_c
hsa-miR-376a-5p,0.7911,-2.793,0.4243,0.6771,0.9736,-4.7349,FALSE,494325,s_m
hsa-miR-376a-5p,0.4166,-2.793,0.2538,0.8029,0.9314,-5.4313,FALSE,494325,s_c
hsa-miR-376a-5p,-0.3745,-2.793,-0.1717,0.8659,0.988,-4.5967,FALSE,494325,m_c
hsa-miR-376b-3p,0.234,7.9245,0.4863,0.6335,0.9525,-5.5032,FALSE,574435,s_m
hsa-miR-376b-3p,0.2767,7.9245,0.7231,0.4802,0.8391,-6.608,FALSE,574435,s_c
hsa-miR-376b-3p,0.0427,7.9245,0.0784,0.9385,0.9897,-4.623,FALSE,574435,m_c
hsa-miR-376b-5p,-0.2045,-1.4385,-0.1737,0.8643,0.9867,-4.7795,FALSE,574435,s_m
hsa-miR-376b-5p,-0.3284,-1.4385,-0.3405,0.738,0.9256,-5.5312,FALSE,574435,s_c
hsa-miR-376b-5p,-0.1239,-1.4385,-0.0931,0.927,0.9889,-4.5971,FALSE,574435,m_c
hsa-miR-376c-3p,-0.207,10.3349,-0.5203,0.6101,0.9404,-5.7065,FALSE,442913,s_m
hsa-miR-376c-3p,0.4973,10.3349,1.4308,0.172,0.676,-6.0204,FALSE,442913,s_c
hsa-miR-376c-3p,0.7043,10.3349,1.5263,0.1467,0.988,-4.5482,FALSE,442913,m_c
hsa-miR-376c-5p,-0.8893,-1.3805,-0.7347,0.4733,0.9196,-4.7003,FALSE,442913,s_m
hsa-miR-376c-5p,-0.2626,-1.3805,-0.253,0.8036,0.9314,-5.532,FALSE,442913,s_c
hsa-miR-376c-5p,0.6267,-1.3805,0.4522,0.6573,0.988,-4.5967,FALSE,442913,m_c
hsa-miR-377-3p,0.005,2.1809,0.0042,0.9967,0.9991,-5.056,FALSE,494326,s_m
hsa-miR-377-3p,0.8447,2.1809,0.8562,0.4047,0.8174,-5.7497,FALSE,494326,s_c
hsa-miR-377-3p,0.8397,2.1809,0.5944,0.5607,0.988,-4.5988,FALSE,494326,m_c
hsa-miR-377-5p,-0.9383,5.6254,-2.0805,0.0541,0.7475,-3.8171,FALSE,494326,s_m
hsa-miR-377-5p,0.2855,5.6254,0.7253,0.4789,0.8391,-6.2928,FALSE,494326,s_c
hsa-miR-377-5p,1.2238,5.6254,2.3266,0.0336,0.988,-4.5404,FALSE,494326,m_c
hsa-miR-378a-3p,-0.5907,5.7481,-1.2113,0.2436,0.852,-4.8034,FALSE,494327,s_m
hsa-miR-378a-3p,-0.3913,5.7481,-0.9948,0.3348,0.7731,-6.1049,FALSE,494327,s_c
hsa-miR-378a-3p,0.1993,5.7481,0.3649,0.72,0.988,-4.6099,FALSE,494327,m_c
hsa-miR-378a-5p,1.5367,-0.2236,0.9003,0.3815,0.9068,-4.6635,FALSE,494327,s_m
hsa-miR-378a-5p,1.1681,-0.2236,0.9079,0.3776,0.8016,-5.3325,FALSE,494327,s_c
hsa-miR-378a-5p,-0.3686,-0.2236,-0.1879,0.8534,0.988,-4.5972,FALSE,494327,m_c
hsa-miR-378c,-0.8464,3.4668,-1.3781,0.1874,0.852,-4.5052,FALSE,100422867,s_m
hsa-miR-378c,-0.6353,3.4668,-1.3298,0.2025,0.7021,-5.3831,FALSE,100422867,s_c
hsa-miR-378c,0.211,3.4668,0.3114,0.7596,0.988,-4.6021,FALSE,100422867,m_c
hsa-miR-378d,-0.7426,-1.7809,-0.606,0.5531,0.9285,-4.7113,FALSE,100616169,s_m
hsa-miR-378d,-1.2632,-1.7809,-1.2722,0.2217,0.7175,-4.8527,FALSE,100616169,s_c
hsa-miR-378d,-0.5206,-1.7809,-0.3904,0.7014,0.988,-4.5967,FALSE,100616169,m_c
hsa-miR-379-3p,2.0796,1.4988,1.2227,0.2394,0.852,-4.5562,FALSE,494328,s_m
hsa-miR-379-3p,0.9523,1.4988,0.9546,0.3542,0.7914,-5.6379,FALSE,494328,s_c
hsa-miR-379-3p,-1.1273,1.4988,-0.602,0.5557,0.988,-4.5971,FALSE,494328,m_c
hsa-miR-379-5p,0.2024,3.918,0.2868,0.778,0.9842,-5.2104,FALSE,494328,s_m
hsa-miR-379-5p,0.3603,3.918,0.6665,0.5147,0.8689,-6.236,FALSE,494328,s_c
hsa-miR-379-5p,0.158,3.918,0.1974,0.846,0.988,-4.606,FALSE,494328,m_c
hsa-miR-380-3p,-0.0747,3.7517,-0.0975,0.9235,0.9963,-5.2278,FALSE,494329,s_m
hsa-miR-380-3p,0.3896,3.7517,0.6334,0.5355,0.8728,-6.1975,FALSE,494329,s_c
hsa-miR-380-3p,0.4643,3.7517,0.5282,0.6047,0.988,-4.6028,FALSE,494329,m_c
hsa-miR-380-5p,1.7746,-3.3175,1.0737,0.2991,0.8904,-4.5968,FALSE,494329,s_m
hsa-miR-380-5p,3.0418,-3.3175,1.833,0.0857,0.5792,-4.111,FALSE,494329,s_c
hsa-miR-380-5p,1.2672,-3.3175,0.5974,0.5587,0.988,-4.5959,FALSE,494329,m_c
hsa-miR-381-3p,-0.1483,4.6167,-0.1898,0.8519,0.9863,-5.3283,FALSE,494330,s_m
hsa-miR-381-3p,0.4845,4.6167,0.7724,0.4513,0.8376,-6.2444,FALSE,494330,s_c
hsa-miR-381-3p,0.6328,4.6167,0.705,0.4911,0.988,-4.6022,FALSE,494330,m_c
hsa-miR-381-5p,2.9057,-2.2502,1.3641,0.1917,0.852,-4.5026,FALSE,494330,s_m
hsa-miR-381-5p,3.7377,-2.2502,1.8954,0.0765,0.56,-4.0717,FALSE,494330,s_c
hsa-miR-381-5p,0.8319,-2.2502,0.3079,0.7621,0.988,-4.5965,FALSE,494330,m_c
hsa-miR-382-3p,0.4595,0.7302,0.3225,0.7513,0.9842,-4.8356,FALSE,494331,s_m
hsa-miR-382-3p,1.0696,0.7302,1.0125,0.3265,0.7715,-5.3708,FALSE,494331,s_c
hsa-miR-382-3p,0.6101,0.7302,0.3712,0.7154,0.988,-4.5976,FALSE,494331,m_c
hsa-miR-382-5p,-0.4518,8.7749,-1.1083,0.2843,0.8904,-5.1568,FALSE,494331,s_m
hsa-miR-382-5p,0.3813,8.7749,1.0855,0.294,0.7446,-6.3191,FALSE,494331,s_c
hsa-miR-382-5p,0.833,8.7749,1.7726,0.0956,0.988,-4.5369,FALSE,494331,m_c
hsa-miR-3909,1.4406,-3.2928,0.9065,0.3783,0.9068,-4.641,FALSE,100500826,s_m
hsa-miR-3909,1.766,-3.2928,1.1788,0.2559,0.7269,-4.8297,FALSE,100500826,s_c
hsa-miR-3909,0.3254,-3.2928,0.1666,0.8698,0.988,-4.5965,FALSE,100500826,m_c
hsa-miR-3912-3p,-0.6087,-0.0848,-0.5876,0.5651,0.9312,-4.8004,FALSE,100500831,s_m
hsa-miR-3912-3p,-0.379,-0.0848,-0.415,0.6838,0.9185,-5.6598,FALSE,100500831,s_c
hsa-miR-3912-3p,0.2297,-0.0848,0.1946,0.8482,0.988,-4.5982,FALSE,100500831,m_c
hsa-miR-3912-5p,1.3237,-3.9021,0.8142,0.4276,0.9196,-4.6593,FALSE,100500831,s_m
hsa-miR-3912-5p,2.397,-3.9021,1.4614,0.1635,0.6636,-4.5158,FALSE,100500831,s_c
hsa-miR-3912-5p,1.0734,-3.9021,0.5195,0.6106,0.988,-4.596,FALSE,100500831,m_c
hsa-miR-3913-3p,-0.3889,-3.8616,-0.1915,0.8506,0.9863,-4.7323,FALSE,100500903,s_m
hsa-miR-3913-3p,-0.66,-3.8616,-0.3542,0.7279,0.9256,-5.2998,FALSE,100500903,s_c
hsa-miR-3913-3p,-0.2711,-3.8616,-0.1164,0.9088,0.988,-4.5965,FALSE,100500903,m_c
hsa-miR-3913-5p,1.3921,-0.0891,1.2639,0.2246,0.852,-4.5364,FALSE,100500903,s_m
hsa-miR-3913-5p,0.4704,-0.0891,0.6092,0.5511,0.8745,-5.597,FALSE,100500903,s_c
hsa-miR-3913-5p,-0.9218,-0.0891,-0.7533,0.4624,0.988,-4.5961,FALSE,100500903,m_c
hsa-miR-3928-3p,0.8158,2.7495,1.0853,0.2941,0.8904,-4.6956,FALSE,100500901,s_m
hsa-miR-3928-3p,0.3806,2.7495,0.7225,0.4805,0.8391,-6.0089,FALSE,100500901,s_c
hsa-miR-3928-3p,-0.4352,2.7495,-0.5187,0.6112,0.988,-4.5999,FALSE,100500901,m_c
hsa-miR-3939,1.3029,-0.6546,1.0629,0.3038,0.8904,-4.6093,FALSE,100500857,s_m
hsa-miR-3939,0.3506,-0.6546,0.3874,0.7037,0.9185,-5.6447,FALSE,100500857,s_c
hsa-miR-3939,-0.9523,-0.6546,-0.687,0.5021,0.988,-4.5962,FALSE,100500857,m_c
hsa-miR-3940-3p,0.0048,2.5401,0.0058,0.9955,0.9991,-5.1055,FALSE,100500888,s_m
hsa-miR-3940-3p,1.0259,2.5401,1.2157,0.242,0.7175,-5.2989,FALSE,100500888,s_c
hsa-miR-3940-3p,1.021,2.5401,0.9536,0.3546,0.988,-4.5957,FALSE,100500888,m_c
hsa-miR-3942-3p,1.6375,-3.5669,1.2121,0.2433,0.852,-4.5572,FALSE,100500904,s_m
hsa-miR-3942-3p,3.224,-3.5669,2.3272,0.0336,0.4809,-3.4958,TRUE,100500904,s_c
hsa-miR-3942-3p,1.5865,-3.5669,0.9031,0.38,0.988,-4.5953,FALSE,100500904,m_c
hsa-miR-3942-5p,-0.049,-2.4623,-0.0342,0.9732,0.9991,-4.7651,FALSE,100500904,s_m
hsa-miR-3942-5p,0.8292,-2.4623,0.6148,0.5474,0.8745,-5.2557,FALSE,100500904,s_c
hsa-miR-3942-5p,0.8781,-2.4623,0.5074,0.6189,0.988,-4.5962,FALSE,100500904,m_c
hsa-miR-3944-5p,-0.2349,1.0713,-0.2856,0.7789,0.9842,-4.8957,FALSE,100500911,s_m
hsa-miR-3944-5p,0.0154,1.0713,0.0232,0.9818,0.9922,-5.8975,FALSE,100500911,s_c
hsa-miR-3944-5p,0.2504,1.0713,0.2688,0.7915,0.988,-4.5987,FALSE,100500911,m_c
hsa-miR-409-3p,-0.086,8.7587,-0.1968,0.8465,0.9863,-5.6799,FALSE,574413,s_m
hsa-miR-409-3p,0.5805,8.7587,1.5802,0.1339,0.6349,-5.7008,FALSE,574413,s_c
hsa-miR-409-3p,0.6665,8.7587,1.3268,0.2035,0.988,-4.5742,FALSE,574413,m_c
hsa-miR-409-5p,0.4477,8.1912,1.0309,0.3181,0.897,-5.1713,FALSE,574413,s_m
hsa-miR-409-5p,1.0374,8.1912,2.8628,0.0114,0.4019,-3.4101,FALSE,574413,s_c
hsa-miR-409-5p,0.5897,8.1912,1.174,0.2578,0.988,-4.586,FALSE,574413,m_c
hsa-miR-410-3p,-0.8721,3.3917,-0.8938,0.3848,0.9068,-4.8999,FALSE,574434,s_m
hsa-miR-410-3p,0.7432,3.3917,0.8162,0.4265,0.8212,-5.8612,FALSE,574434,s_c
hsa-miR-410-3p,1.6152,3.3917,1.3433,0.1981,0.988,-4.5893,FALSE,574434,m_c
hsa-miR-410-5p,1.1359,-3.798,0.6309,0.5372,0.9196,-4.6946,FALSE,574434,s_m
hsa-miR-410-5p,2.8523,-3.798,1.547,0.1417,0.6423,-4.4224,FALSE,574434,s_c
hsa-miR-410-5p,1.7164,-3.798,0.7458,0.4667,0.988,-4.5956,FALSE,574434,m_c
hsa-miR-411-3p,0.2733,4.669,0.4503,0.6586,0.9645,-5.1165,FALSE,693121,s_m
hsa-miR-411-3p,0.3728,4.669,0.8742,0.3951,0.8136,-6.0901,FALSE,693121,s_c
hsa-miR-411-3p,0.0995,4.669,0.1473,0.8848,0.988,-4.6051,FALSE,693121,m_c
hsa-miR-411-5p,1.0227,6.3759,2.0158,0.0612,0.7475,-3.9034,FALSE,693121,s_m
hsa-miR-411-5p,0.9017,6.3759,2.3596,0.0315,0.4809,-4.2188,FALSE,693121,s_c
hsa-miR-411-5p,-0.121,6.3759,-0.2101,0.8363,0.988,-4.6123,FALSE,693121,m_c
hsa-miR-412-3p,-0.2708,-3.5293,-0.1482,0.8845,0.9953,-4.7754,FALSE,574433,s_m
hsa-miR-412-3p,5.358,-3.5293,2.6006,0.0222,0.4432,-3.205,TRUE,574433,s_c
hsa-miR-412-3p,5.6288,-3.5293,2.2614,0.0418,0.988,-4.5912,TRUE,574433,m_c
hsa-miR-412-5p,0.019,0.2565,0.0114,0.9911,0.9991,-4.9683,FALSE,574433,s_m
hsa-miR-412-5p,3.2047,0.2565,1.6475,0.1192,0.6349,-4.4981,FALSE,574433,s_c
hsa-miR-412-5p,3.1857,0.2565,1.3363,0.2004,0.988,-4.593,FALSE,574433,m_c
hsa-miR-421,0.1654,7.1574,0.5048,0.6207,0.9424,-5.4141,FALSE,693122,s_m
hsa-miR-421,0.2283,7.1574,0.8801,0.392,0.8136,-6.389,FALSE,693122,s_c
hsa-miR-421,0.0629,7.1574,0.1699,0.8673,0.988,-4.6176,FALSE,693122,m_c
hsa-miR-423-3p,-0.4791,8.0985,-1.7204,0.1049,0.8163,-4.3851,FALSE,494335,s_m
hsa-miR-423-3p,-0.0737,8.0985,-0.3201,0.7531,0.9256,-6.8096,FALSE,494335,s_c
hsa-miR-423-3p,0.4054,8.0985,1.2846,0.2175,0.988,-4.5791,FALSE,494335,m_c
hsa-miR-423-5p,-0.5459,13.6054,-1.6085,0.1275,0.8163,-4.8789,FALSE,494335,s_m
hsa-miR-423-5p,-0.3545,13.6054,-1.1919,0.2509,0.7228,-6.574,FALSE,494335,s_c
hsa-miR-423-5p,0.1914,13.6054,0.4938,0.6283,0.988,-4.6513,FALSE,494335,m_c
hsa-miR-424-3p,0.4158,3.4417,0.5513,0.5891,0.934,-4.987,FALSE,494336,s_m
hsa-miR-424-3p,-0.0562,3.4417,-0.1123,0.912,0.9756,-6.3728,FALSE,494336,s_c
hsa-miR-424-3p,-0.472,3.4417,-0.5734,0.5745,0.988,-4.6002,FALSE,494336,m_c
hsa-miR-424-5p,-0.5394,8.4098,-1.9108,0.0744,0.7793,-4.1374,FALSE,494336,s_m
hsa-miR-424-5p,-0.3661,8.4098,-1.5788,0.1342,0.6349,-5.6761,FALSE,494336,s_c
hsa-miR-424-5p,0.1733,8.4098,0.5452,0.5932,0.988,-4.6168,FALSE,494336,m_c
hsa-miR-425-3p,0.404,9.1542,1.7105,0.1067,0.8163,-4.4388,FALSE,494337,s_m
hsa-miR-425-3p,0.227,9.1542,1.1922,0.2508,0.7228,-6.2425,FALSE,494337,s_c
hsa-miR-425-3p,-0.177,9.1542,-0.6622,0.5174,0.988,-4.614,FALSE,494337,m_c
hsa-miR-425-5p,0.9756,10.6533,3.0678,0.0074,0.4952,-2.3152,FALSE,494337,s_m
hsa-miR-425-5p,0.5046,10.6533,1.9512,0.069,0.5545,-5.2828,FALSE,494337,s_c
hsa-miR-425-5p,-0.471,10.6533,-1.2993,0.2125,0.988,-4.5711,FALSE,494337,m_c
hsa-miR-4286,0.4093,-2.1972,0.3004,0.7678,0.9842,-4.761,FALSE,100422982,s_m
hsa-miR-4286,1.367,-2.1972,1.0811,0.2959,0.7446,-4.9657,FALSE,100422982,s_c
hsa-miR-4286,0.9576,-2.1972,0.5786,0.571,0.988,-4.5962,FALSE,100422982,m_c
hsa-miR-429,1.7547,-0.8403,1.5802,0.1339,0.8163,-4.4055,FALSE,554210,s_m
hsa-miR-429,1.5816,-0.8403,1.786,0.0933,0.5837,-4.3077,FALSE,554210,s_c
hsa-miR-429,-0.1731,-0.8403,-0.132,0.8966,0.988,-4.5971,FALSE,554210,m_c
hsa-miR-4306,-0.7054,-2.5598,-0.5932,0.5615,0.9288,-4.7029,FALSE,100422861,s_m
hsa-miR-4306,-0.3179,-2.5598,-0.2938,0.7728,0.9258,-5.3686,FALSE,100422861,s_c
hsa-miR-4306,0.3875,-2.5598,0.2837,0.7803,0.988,-4.5965,FALSE,100422861,m_c
hsa-miR-431-3p,0.1838,2.4094,0.2477,0.8076,0.985,-5.0337,FALSE,574038,s_m
hsa-miR-431-3p,0.5536,2.4094,0.9379,0.3624,0.7974,-5.7176,FALSE,574038,s_c
hsa-miR-431-3p,0.3698,2.4094,0.4311,0.6722,0.988,-4.6001,FALSE,574038,m_c
hsa-miR-431-5p,-0.1234,8.2947,-0.3465,0.7335,0.9842,-5.6042,FALSE,574038,s_m
hsa-miR-431-5p,0.7389,8.2947,2.447,0.0265,0.4806,-4.2048,FALSE,574038,s_c
hsa-miR-431-5p,0.8624,8.2947,2.0952,0.0526,0.988,-4.5181,FALSE,574038,m_c
hsa-miR-432-3p,-0.4146,-0.4687,-0.3649,0.72,0.9785,-4.8788,FALSE,574451,s_m
hsa-miR-432-3p,2.5644,-0.4687,1.9556,0.0684,0.5545,-4.0336,FALSE,574451,s_c
hsa-miR-432-3p,2.979,-0.4687,1.8846,0.078,0.988,-4.5899,FALSE,574451,m_c
hsa-miR-432-5p,0.0499,7.8395,0.1415,0.8892,0.9953,-5.6273,FALSE,574451,s_m
hsa-miR-432-5p,0.6039,7.8395,2.0184,0.0609,0.5381,-4.9404,FALSE,574451,s_c
hsa-miR-432-5p,0.554,7.8395,1.3603,0.1928,0.988,-4.5747,FALSE,574451,m_c
hsa-miR-433-3p,-0.388,8.1359,-0.9549,0.354,0.9068,-5.2674,FALSE,574034,s_m
hsa-miR-433-3p,0.4823,8.1359,1.3537,0.1949,0.702,-5.9521,FALSE,574034,s_c
hsa-miR-433-3p,0.8703,8.1359,1.8436,0.0841,0.988,-4.5358,FALSE,574034,m_c
hsa-miR-433-5p,-1.6536,-3.3407,-0.9187,0.3721,0.9068,-4.6305,FALSE,574034,s_m
hsa-miR-433-5p,-3.2737,-3.3407,-2.1868,0.0442,0.5073,-3.674,TRUE,574034,s_c
hsa-miR-433-5p,-1.6201,-3.3407,-0.8669,0.399,0.988,-4.5955,FALSE,574034,m_c
hsa-miR-4422,0.7036,2.66,0.8306,0.4186,0.9196,-4.8452,FALSE,100616272,s_m
hsa-miR-4422,0.9862,2.66,1.4876,0.1566,0.6507,-5.1283,FALSE,100616272,s_c
hsa-miR-4422,0.2826,2.66,0.286,0.7786,0.988,-4.6008,FALSE,100616272,m_c
hsa-miR-4433a-5p,1.1071,-2.895,0.6984,0.4951,0.9196,-4.6863,FALSE,100616265,s_m
hsa-miR-4433a-5p,0.6366,-2.895,0.4501,0.6588,0.9017,-5.3436,FALSE,100616265,s_c
hsa-miR-4433a-5p,-0.4704,-2.895,-0.2498,0.806,0.988,-4.5965,FALSE,100616265,m_c
hsa-miR-4433b-3p,-0.2133,2.281,-0.1738,0.8642,0.9867,-5.1149,FALSE,102465833,s_m
hsa-miR-4433b-3p,0.5915,2.281,0.5481,0.5913,0.8786,-6.0153,FALSE,102465833,s_c
hsa-miR-4433b-3p,0.8048,2.281,0.5428,0.5949,0.988,-4.6001,FALSE,102465833,m_c
hsa-miR-4433b-5p,0.1803,8.6139,0.4208,0.6796,0.9736,-5.5762,FALSE,102465833,s_m
hsa-miR-4433b-5p,0.421,8.6139,1.2141,0.2426,0.7175,-6.1729,FALSE,102465833,s_c
hsa-miR-4433b-5p,0.2407,8.6139,0.4938,0.6283,0.988,-4.6183,FALSE,102465833,m_c
hsa-miR-4435,2.448,0.3277,1.7247,0.1041,0.8163,-4.3263,FALSE,100616499,s_m
hsa-miR-4435,0.6253,0.3277,0.7003,0.4939,0.844,-5.6689,FALSE,100616499,s_c
hsa-miR-4435,-1.8227,0.3277,-1.1613,0.2628,0.988,-4.5943,FALSE,100616499,m_c
hsa-miR-4436b-3p,1.567,-0.8656,0.9886,0.3378,0.8985,-4.636,FALSE,100616123,s_m
hsa-miR-4436b-3p,1.9542,-0.8656,1.4498,0.1667,0.6688,-4.7055,FALSE,100616123,s_c
hsa-miR-4436b-3p,0.3873,-0.8656,0.2004,0.8437,0.988,-4.597,FALSE,100616123,m_c
hsa-miR-4443,-2.8628,-3.8447,-1.5094,0.1509,0.8372,-4.4734,FALSE,100616407,s_m
hsa-miR-4443,-1.9885,-3.8447,-1.0901,0.292,0.7446,-4.8473,FALSE,100616407,s_c
hsa-miR-4443,0.8743,-3.8447,0.4091,0.688,0.988,-4.5963,FALSE,100616407,m_c
hsa-miR-4446-3p,0.8922,2.9872,1.1126,0.2825,0.8904,-4.6958,FALSE,100616476,s_m
hsa-miR-4446-3p,-0.1615,2.9872,-0.2886,0.7767,0.9258,-6.288,FALSE,100616476,s_c
hsa-miR-4446-3p,-1.0537,2.9872,-1.2016,0.2472,0.988,-4.5921,FALSE,100616476,m_c
hsa-miR-4449,-0.2211,2.6983,-0.2969,0.7704,0.9842,-5.0236,FALSE,100616436,s_m
hsa-miR-4449,0.1676,2.6983,0.2643,0.795,0.9314,-6.0493,FALSE,100616436,s_c
hsa-miR-4449,0.3887,2.6983,0.4538,0.6561,0.988,-4.6,FALSE,100616436,m_c
hsa-miR-4454,0.0174,-1.8572,0.0175,0.9863,0.9991,-4.7801,FALSE,100616234,s_m
hsa-miR-4454,0.95,-1.8572,1.012,0.3268,0.7715,-5.0244,FALSE,100616234,s_c
hsa-miR-4454,0.9326,-1.8572,0.7768,0.4488,0.988,-4.5958,FALSE,100616234,m_c
hsa-miR-4470,1.8189,-1.8839,1.3355,0.2006,0.852,-4.5149,FALSE,100616484,s_m
hsa-miR-4470,2.1247,-1.8839,1.7479,0.0999,0.5991,-4.2623,FALSE,100616484,s_c
hsa-miR-4470,0.3058,-1.8839,0.1838,0.8565,0.988,-4.5966,FALSE,100616484,m_c
hsa-miR-4473,1.8663,-0.4769,1.4588,0.1642,0.852,-4.4566,FALSE,100616229,s_m
hsa-miR-4473,0.8034,-0.4769,0.8693,0.3977,0.8136,-5.394,FALSE,100616229,s_c
hsa-miR-4473,-1.0629,-0.4769,-0.7311,0.4754,0.988,-4.5961,FALSE,100616229,m_c
hsa-miR-4485-3p,-0.7422,2.2963,-0.7871,0.4429,0.9196,-4.8618,FALSE,100616263,s_m
hsa-miR-4485-3p,-0.3051,2.2963,-0.3457,0.7341,0.9256,-5.9405,FALSE,100616263,s_c
hsa-miR-4485-3p,0.4371,2.2963,0.3977,0.6962,0.988,-4.6002,FALSE,100616263,m_c
hsa-miR-4485-5p,-4.9389,-4.2252,-3.2173,0.0055,0.4377,-3.7702,TRUE,100616263,s_m
hsa-miR-4485-5p,-0.0414,-4.2252,-0.0234,0.9816,0.9922,-5.2434,FALSE,100616263,s_c
hsa-miR-4485-5p,4.8974,-4.2252,2.5764,0.0204,0.988,-4.5895,TRUE,100616263,m_c
hsa-miR-4492,-1.797,-3.6158,-1.1142,0.2819,0.8904,-4.5849,FALSE,100616376,s_m
hsa-miR-4492,-1.3982,-3.6158,-0.9194,0.3717,0.8016,-5.01,FALSE,100616376,s_c
hsa-miR-4492,0.3989,-3.6158,0.2191,0.8293,0.988,-4.5965,FALSE,100616376,m_c
hsa-miR-449a,0.7345,-0.1649,0.5584,0.5844,0.934,-4.8242,FALSE,554213,s_m
hsa-miR-449a,2.7656,-0.1649,2.05,0.0573,0.5381,-3.9342,FALSE,554213,s_c
hsa-miR-449a,2.0311,-0.1649,1.1565,0.2647,0.988,-4.5943,FALSE,554213,m_c
hsa-miR-4504,0.4918,-1.7522,0.3667,0.7187,0.9785,-4.7713,FALSE,100616261,s_m
hsa-miR-4504,2.344,-1.7522,1.7918,0.0923,0.5837,-4.2049,FALSE,100616261,s_c
hsa-miR-4504,1.8521,-1.7522,1.0824,0.2953,0.988,-4.5949,FALSE,100616261,m_c
hsa-miR-4508,-0.3069,-1.9534,-0.2536,0.8031,0.9842,-4.7668,FALSE,100616275,s_m
hsa-miR-4508,-0.4008,-1.9534,-0.3913,0.7008,0.9185,-5.4674,FALSE,100616275,s_c
hsa-miR-4508,-0.094,-1.9534,-0.0681,0.9466,0.9897,-4.597,FALSE,100616275,m_c
hsa-miR-450a-1-3p,0.172,-1.3701,0.0884,0.9307,0.9963,-4.8076,FALSE,554214,s_m
hsa-miR-450a-1-3p,1.2826,-1.3701,0.7425,0.4687,0.8391,-5.3318,FALSE,554214,s_c
hsa-miR-450a-1-3p,1.1106,-1.3701,0.4722,0.6432,0.988,-4.5967,FALSE,554214,m_c
hsa-miR-450a-2-3p,1.2035,0.2317,0.9804,0.3417,0.9028,-4.6418,FALSE,574505,s_m
hsa-miR-450a-2-3p,-0.1701,0.2317,-0.213,0.8341,0.9427,-5.8496,FALSE,574505,s_c
hsa-miR-450a-2-3p,-1.3736,0.2317,-1.0326,0.3174,0.988,-4.595,FALSE,574505,m_c
hsa-miR-450a-5p,0.0611,5.3859,0.1333,0.8957,0.9953,-5.346,FALSE,554214,s_m
hsa-miR-450a-5p,-0.2587,5.3859,-0.7391,0.4707,0.8391,-6.3311,FALSE,554214,s_c
hsa-miR-450a-5p,-0.3198,5.3859,-0.627,0.5396,0.988,-4.6045,FALSE,554214,m_c
hsa-miR-450b-5p,-0.2076,2.0044,-0.2739,0.7877,0.9842,-4.9904,FALSE,100126302,s_m
hsa-miR-450b-5p,-0.3736,2.0044,-0.6342,0.535,0.8728,-5.9078,FALSE,100126302,s_c
hsa-miR-450b-5p,-0.166,2.0044,-0.197,0.8464,0.988,-4.6007,FALSE,100126302,m_c
hsa-miR-4511,0.1581,-1.6304,0.0994,0.922,0.9963,-4.7873,FALSE,100616379,s_m
hsa-miR-4511,1.3362,-1.6304,0.9097,0.3766,0.8016,-5.1377,FALSE,100616379,s_c
hsa-miR-4511,1.1781,-1.6304,0.6062,0.553,0.988,-4.5962,FALSE,100616379,m_c
hsa-miR-451a,-2.4873,8.997,-4.5689,3e-04,0.1298,0.2511,TRUE,574411,s_m
hsa-miR-451a,-1.9794,8.997,-4.1743,7e-04,0.2115,-0.7518,FALSE,574411,s_c
hsa-miR-451a,0.5079,8.997,0.8482,0.409,0.988,-4.606,FALSE,574411,m_c
hsa-miR-452-3p,-0.3533,1.0631,-0.4236,0.6776,0.9736,-4.9014,FALSE,574412,s_m
hsa-miR-452-3p,0.2827,1.0631,0.3942,0.6987,0.9185,-5.8263,FALSE,574412,s_c
hsa-miR-452-3p,0.6361,1.0631,0.6576,0.5203,0.988,-4.5975,FALSE,574412,m_c
hsa-miR-452-5p,0.0418,4.5723,0.0608,0.9523,0.9991,-5.2961,FALSE,574412,s_m
hsa-miR-452-5p,0.7914,4.5723,1.3027,0.2113,0.7175,-5.5645,FALSE,574412,s_c
hsa-miR-452-5p,0.7496,4.5723,0.9162,0.3733,0.988,-4.5971,FALSE,574412,m_c
hsa-miR-4521,1.3928,1.9992,1.6887,0.1109,0.8163,-4.2695,FALSE,100616406,s_m
hsa-miR-4521,0.5599,1.9992,1.0155,0.3252,0.7715,-5.6394,FALSE,100616406,s_c
hsa-miR-4521,-0.8329,1.9992,-0.9105,0.3762,0.988,-4.5959,FALSE,100616406,m_c
hsa-miR-454-3p,1.2798,7.7529,2.6847,0.0164,0.6054,-2.9425,FALSE,768216,s_m
hsa-miR-454-3p,0.6518,7.7529,1.8159,0.0884,0.5792,-5.2898,FALSE,768216,s_c
hsa-miR-454-3p,-0.6279,7.7529,-1.1723,0.2585,0.988,-4.5873,FALSE,768216,m_c
hsa-miR-454-5p,2.3784,-2.2288,1.1153,0.2814,0.8904,-4.5874,FALSE,768216,s_m
hsa-miR-454-5p,1.6071,-2.2288,0.8945,0.3845,0.8074,-5.1783,FALSE,768216,s_c
hsa-miR-454-5p,-0.7712,-2.2288,-0.3033,0.7657,0.988,-4.5966,FALSE,768216,m_c
hsa-miR-455-3p,1.0923,0.1294,0.7931,0.4395,0.9196,-4.6936,FALSE,619556,s_m
hsa-miR-455-3p,-0.0797,0.1294,-0.08,0.9373,0.9803,-5.743,FALSE,619556,s_c
hsa-miR-455-3p,-1.172,0.1294,-0.7653,0.4554,0.988,-4.5961,FALSE,619556,m_c
hsa-miR-4638-5p,0.0577,-2.1408,0.035,0.9725,0.9991,-4.7904,FALSE,100616342,s_m
hsa-miR-4638-5p,1.9983,-2.1408,1.2467,0.2307,0.7175,-4.8133,FALSE,100616342,s_c
hsa-miR-4638-5p,1.9406,-2.1408,0.9387,0.362,0.988,-4.5953,FALSE,100616342,m_c
hsa-miR-4642,1.067,-2.0817,0.5665,0.579,0.934,-4.7108,FALSE,100616352,s_m
hsa-miR-4642,-0.3318,-2.0817,-0.2192,0.8293,0.9411,-5.5002,FALSE,100616352,s_c
hsa-miR-4642,-1.3988,-2.0817,-0.6631,0.5168,0.988,-4.596,FALSE,100616352,m_c
hsa-miR-4645-3p,1.3492,-0.6397,0.9135,0.3747,0.9068,-4.6663,FALSE,100616285,s_m
hsa-miR-4645-3p,2.7054,-0.6397,2.0364,0.0588,0.5381,-3.931,FALSE,100616285,s_c
hsa-miR-4645-3p,1.3562,-0.6397,0.7291,0.4766,0.988,-4.596,FALSE,100616285,m_c
hsa-miR-4654,-0.5342,-3.1341,-0.3087,0.7616,0.9842,-4.7627,FALSE,100616386,s_m
hsa-miR-4654,3.1607,-3.1341,1.6497,0.1187,0.6349,-4.3182,FALSE,100616386,s_c
hsa-miR-4654,3.6949,-3.1341,1.5943,0.1307,0.988,-4.5933,FALSE,100616386,m_c
hsa-miR-4659a-3p,1.7607,0.4348,1.6683,0.115,0.8163,-4.3531,FALSE,100616348,s_m
hsa-miR-4659a-3p,0.4098,0.4348,0.6023,0.5555,0.8745,-5.7107,FALSE,100616348,s_c
hsa-miR-4659a-3p,-1.3508,0.4348,-1.165,0.2613,0.988,-4.5943,FALSE,100616348,m_c
hsa-miR-4659a-5p,0.9553,-3.1848,0.7074,0.4896,0.9196,-4.6847,FALSE,100616348,s_m
hsa-miR-4659a-5p,1.1124,-3.1848,0.8978,0.3828,0.806,-5.0746,FALSE,100616348,s_c
hsa-miR-4659a-5p,0.1572,-3.1848,0.0971,0.9239,0.9889,-4.5966,FALSE,100616348,m_c
hsa-miR-4659b-3p,0.8138,2.6332,1.1226,0.2784,0.8904,-4.6568,FALSE,100616372,s_m
hsa-miR-4659b-3p,-0.2164,2.6332,-0.4637,0.6492,0.8943,-6.1903,FALSE,100616372,s_c
hsa-miR-4659b-3p,-1.0302,2.6332,-1.3117,0.2084,0.988,-4.5911,FALSE,100616372,m_c
hsa-miR-4659b-5p,0.0981,2.8031,0.1644,0.8715,0.9893,-4.9984,FALSE,100616372,s_m
hsa-miR-4659b-5p,-0.2856,2.8031,-0.6532,0.5231,0.8715,-5.9398,FALSE,100616372,s_c
hsa-miR-4659b-5p,-0.3837,2.8031,-0.5825,0.5685,0.988,-4.5989,FALSE,100616372,m_c
hsa-miR-4661-5p,0.2554,-3.22,0.2239,0.8263,0.985,-4.7694,FALSE,100616245,s_m
hsa-miR-4661-5p,5.5424,-3.22,4.3628,8e-04,0.2115,-1.1116,TRUE,100616245,s_c
hsa-miR-4661-5p,5.287,-3.22,3.3948,0.0049,0.988,-4.5879,TRUE,100616245,m_c
hsa-miR-4662a-3p,2.9996,-3.0281,1.5088,0.1511,0.8372,-4.4526,FALSE,100616221,s_m
hsa-miR-4662a-3p,3.7404,-3.0281,1.922,0.0728,0.5597,-4.0172,FALSE,100616221,s_c
hsa-miR-4662a-3p,0.7408,-3.0281,0.286,0.7786,0.988,-4.5964,FALSE,100616221,m_c
hsa-miR-4662a-5p,0.5758,1.7253,0.6445,0.5285,0.9196,-4.8534,FALSE,100616221,s_m
hsa-miR-4662a-5p,-0.0761,1.7253,-0.1182,0.9074,0.9756,-6.0931,FALSE,100616221,s_c
hsa-miR-4662a-5p,-0.6519,1.7253,-0.6555,0.5216,0.988,-4.5979,FALSE,100616221,m_c
hsa-miR-4662b,2.6572,-4.2313,1.4661,0.1668,0.852,-4.4768,FALSE,100616255,s_m
hsa-miR-4662b,6.0226,-4.2313,3.2153,0.0069,0.3182,-2.4329,TRUE,100616255,s_c
hsa-miR-4662b,3.3654,-4.2313,1.3973,0.1861,0.988,-4.5941,FALSE,100616255,m_c
hsa-miR-4665-5p,-0.1239,4.3114,-0.2452,0.8094,0.985,-5.2206,FALSE,100616288,s_m
hsa-miR-4665-5p,0.4337,4.3114,1.0021,0.3314,0.7731,-5.8551,FALSE,100616288,s_c
hsa-miR-4665-5p,0.5576,4.3114,0.9462,0.3583,0.988,-4.5963,FALSE,100616288,m_c
hsa-miR-4667-5p,0.5169,-2.6625,0.3316,0.7445,0.9842,-4.7716,FALSE,100616214,s_m
hsa-miR-4667-5p,4.1188,-2.6625,2.3586,0.0316,0.4809,-3.4473,TRUE,100616214,s_c
hsa-miR-4667-5p,3.6019,-2.6625,1.6717,0.1143,0.988,-4.593,FALSE,100616214,m_c
hsa-miR-4676-5p,0.4688,3.2086,0.6725,0.511,0.9196,-4.9791,FALSE,100616286,s_m
hsa-miR-4676-5p,0.1889,3.2086,0.3646,0.7203,0.9241,-6.2742,FALSE,100616286,s_c
hsa-miR-4676-5p,-0.28,3.2086,-0.358,0.7251,0.988,-4.6025,FALSE,100616286,m_c
hsa-miR-4677-3p,2.2773,-0.1255,2.0826,0.0539,0.7475,-4.1693,FALSE,100616343,s_m
hsa-miR-4677-3p,0.4508,-0.1255,0.6267,0.5398,0.8728,-5.6321,FALSE,100616343,s_c
hsa-miR-4677-3p,-1.8265,-0.1255,-1.5169,0.149,0.988,-4.5925,FALSE,100616343,m_c
hsa-miR-4685-3p,-0.9381,-2.9651,-0.4617,0.6506,0.9632,-4.7106,FALSE,100616482,s_m
hsa-miR-4685-3p,-1.5776,-2.9651,-0.8866,0.3886,0.8109,-5.0695,FALSE,100616482,s_c
hsa-miR-4685-3p,-0.6394,-2.9651,-0.2861,0.7785,0.988,-4.5965,FALSE,100616482,m_c
hsa-miR-4687-3p,1.7069,-3.5839,1.0137,0.326,0.8985,-4.6116,FALSE,100616453,s_m
hsa-miR-4687-3p,0.6943,-3.5839,0.4704,0.6445,0.8929,-5.3256,FALSE,100616453,s_c
hsa-miR-4687-3p,-1.0126,-3.5839,-0.5102,0.617,0.988,-4.5962,FALSE,100616453,m_c
hsa-miR-4687-5p,3.4192,-0.0093,2.2012,0.043,0.7475,-4.1467,TRUE,100616453,s_m
hsa-miR-4687-5p,-0.629,-0.0093,-0.7324,0.4747,0.8391,-5.6652,FALSE,100616453,s_c
hsa-miR-4687-5p,-4.0482,-0.0093,-2.4879,0.0244,0.988,-4.5867,TRUE,100616453,m_c
hsa-miR-4688,-0.1222,-1.667,-0.0739,0.942,0.9984,-4.8199,FALSE,100616368,s_m
hsa-miR-4688,0.4188,-1.667,0.2596,0.7985,0.9314,-5.4961,FALSE,100616368,s_c
hsa-miR-4688,0.541,-1.667,0.271,0.7899,0.988,-4.5971,FALSE,100616368,m_c
hsa-miR-4701-3p,3.6761,-1.3545,2.714,0.0155,0.6054,-3.9281,TRUE,100616262,s_m
hsa-miR-4701-3p,1.5873,-1.3545,1.601,0.1292,0.6349,-4.5535,FALSE,100616262,s_c
hsa-miR-4701-3p,-2.0888,-1.3545,-1.3349,0.2008,0.988,-4.5939,FALSE,100616262,m_c
hsa-miR-4701-5p,1.5264,-2.9197,0.823,0.4228,0.9196,-4.6601,FALSE,100616262,s_m
hsa-miR-4701-5p,0.1738,-2.9197,0.1122,0.9121,0.9756,-5.4783,FALSE,100616262,s_c
hsa-miR-4701-5p,-1.3526,-2.9197,-0.6348,0.5347,0.988,-4.596,FALSE,100616262,m_c
hsa-miR-4708-3p,0.3947,-3.2363,0.2237,0.8258,0.985,-4.7402,FALSE,100616176,s_m
hsa-miR-4708-3p,1.298,-3.2363,0.7545,0.4617,0.8391,-5.1064,FALSE,100616176,s_c
hsa-miR-4708-3p,0.9033,-3.2363,0.4187,0.681,0.988,-4.5962,FALSE,100616176,m_c
hsa-miR-4710,-0.7516,-0.2563,-0.7812,0.4462,0.9196,-4.7164,FALSE,100616300,s_m
hsa-miR-4710,-0.0645,-0.2563,-0.0742,0.9418,0.9822,-5.6265,FALSE,100616300,s_c
hsa-miR-4710,0.6871,-0.2563,0.6118,0.5494,0.988,-4.5967,FALSE,100616300,m_c
hsa-miR-4716-3p,0.6754,-2.9248,0.3807,0.7085,0.9785,-4.7655,FALSE,100616332,s_m
hsa-miR-4716-3p,1.2233,-2.9248,0.6854,0.503,0.8577,-5.2282,FALSE,100616332,s_c
hsa-miR-4716-3p,0.5479,-2.9248,0.2483,0.8071,0.988,-4.5967,FALSE,100616332,m_c
hsa-miR-4723-5p,0.2147,-3.5926,0.1224,0.9041,0.9953,-4.7789,FALSE,100616388,s_m
hsa-miR-4723-5p,2.179,-3.5926,1.1156,0.2813,0.7446,-4.8401,FALSE,100616388,s_c
hsa-miR-4723-5p,1.9643,-3.5926,0.85,0.408,0.988,-4.5955,FALSE,100616388,m_c
hsa-miR-4732-3p,-1.6941,1.2199,-1.6263,0.1237,0.8163,-4.3392,FALSE,100616385,s_m
hsa-miR-4732-3p,-2.3568,1.2199,-2.8778,0.011,0.4019,-2.6612,TRUE,100616385,s_c
hsa-miR-4732-3p,-0.6627,1.2199,-0.6191,0.5447,0.988,-4.5976,FALSE,100616385,m_c
hsa-miR-4732-5p,-2.1501,0.529,-2.0658,0.0557,0.7475,-4.0926,FALSE,100616385,s_m
hsa-miR-4732-5p,-1.8381,0.529,-2.0269,0.0599,0.5381,-4.0006,FALSE,100616385,s_c
hsa-miR-4732-5p,0.312,0.529,0.2778,0.7847,0.988,-4.5982,FALSE,100616385,m_c
hsa-miR-4738-3p,1.0933,-1.6183,0.6792,0.5068,0.9196,-4.722,FALSE,100616282,s_m
hsa-miR-4738-3p,-0.7566,-1.6183,-0.573,0.5747,0.8764,-5.4828,FALSE,100616282,s_c
hsa-miR-4738-3p,-1.85,-1.6183,-1.0273,0.3198,0.988,-4.595,FALSE,100616282,m_c
hsa-miR-4742-5p,1.4849,2.1619,1.6116,0.1268,0.8163,-4.315,FALSE,100616468,s_m
hsa-miR-4742-5p,0.9039,2.1619,1.3655,0.1912,0.702,-5.2631,FALSE,100616468,s_c
hsa-miR-4742-5p,-0.5809,2.1619,-0.5556,0.5863,0.988,-4.5987,FALSE,100616468,m_c
hsa-miR-4743-5p,0.5076,-2.5799,0.356,0.7265,0.981,-4.7386,FALSE,100616366,s_m
hsa-miR-4743-5p,0.5683,-2.5799,0.4549,0.6554,0.8987,-5.3601,FALSE,100616366,s_c
hsa-miR-4743-5p,0.0607,-2.5799,0.0368,0.9711,0.9958,-4.5967,FALSE,100616366,m_c
hsa-miR-4745-3p,1.0642,-4.0321,0.4334,0.6719,0.9736,-4.7098,FALSE,100616459,s_m
hsa-miR-4745-3p,1.2616,-4.0321,0.5263,0.6077,0.8818,-5.1834,FALSE,100616459,s_c
hsa-miR-4745-3p,0.1974,-4.0321,0.0655,0.9488,0.9897,-4.5963,FALSE,100616459,m_c
hsa-miR-4746-5p,-0.6832,-0.1111,-0.7038,0.4918,0.9196,-4.7944,FALSE,100616371,s_m
hsa-miR-4746-5p,0.5289,-0.1111,0.5611,0.5826,0.8786,-5.5815,FALSE,100616371,s_c
hsa-miR-4746-5p,1.2121,-0.1111,1.0218,0.3223,0.988,-4.595,FALSE,100616371,m_c
hsa-miR-4747-5p,1.0827,-3.9002,0.6864,0.5024,0.9196,-4.6876,FALSE,100616337,s_m
hsa-miR-4747-5p,2.6405,-3.9002,1.6223,0.1245,0.6349,-4.3448,FALSE,100616337,s_c
hsa-miR-4747-5p,1.5578,-3.9002,0.7659,0.455,0.988,-4.5956,FALSE,100616337,m_c
hsa-miR-4748,2.0655,-2.4648,1.2927,0.2147,0.852,-4.5303,FALSE,100616425,s_m
hsa-miR-4748,2.3115,-2.4648,1.557,0.1393,0.6423,-4.4675,FALSE,100616425,s_c
hsa-miR-4748,0.246,-2.4648,0.1234,0.9033,0.988,-4.5965,FALSE,100616425,m_c
hsa-miR-4749-5p,1.8326,-2.9952,0.994,0.3352,0.8985,-4.6185,FALSE,100616313,s_m
hsa-miR-4749-5p,0.5867,-2.9952,0.3778,0.7106,0.9193,-5.4122,FALSE,100616313,s_c
hsa-miR-4749-5p,-1.2459,-2.9952,-0.5814,0.5692,0.988,-4.5961,FALSE,100616313,m_c
hsa-miR-4750-5p,0.4558,-3.3576,0.2916,0.7744,0.9842,-4.757,FALSE,100616314,s_m
hsa-miR-4750-5p,3.0504,-3.3576,1.824,0.0871,0.5792,-4.1216,FALSE,100616314,s_c
hsa-miR-4750-5p,2.5946,-3.3576,1.2542,0.228,0.988,-4.5944,FALSE,100616314,m_c
hsa-miR-4753-5p,1.1385,-2.3645,0.8716,0.3965,0.9118,-4.662,FALSE,100616224,s_m
hsa-miR-4753-5p,3.84,-2.3645,2.7403,0.0146,0.4019,-2.9164,TRUE,100616224,s_c
hsa-miR-4753-5p,2.7015,-2.3645,1.5222,0.1477,0.988,-4.5935,FALSE,100616224,m_c
hsa-miR-4762-5p,-2.2763,-4.1192,-1.3153,0.2115,0.852,-4.5276,FALSE,100616253,s_m
hsa-miR-4762-5p,2.642,-4.1192,1.4089,0.1827,0.6943,-4.5443,FALSE,100616253,s_c
hsa-miR-4762-5p,4.9183,-4.1192,2.2738,0.0409,0.988,-4.5913,TRUE,100616253,m_c
hsa-miR-4766-3p,-1.1945,-1.561,-0.9988,0.3329,0.8985,-4.6531,FALSE,100616283,s_m
hsa-miR-4766-3p,1.5993,-1.561,1.1422,0.2704,0.744,-4.9177,FALSE,100616283,s_c
hsa-miR-4766-3p,2.7939,-1.561,1.7304,0.1031,0.988,-4.5915,FALSE,100616283,m_c
hsa-miR-4766-5p,-0.5537,-3.8826,-0.2736,0.7879,0.9842,-4.7297,FALSE,100616283,s_m
hsa-miR-4766-5p,1.1189,-3.8826,0.5405,0.5964,0.8786,-5.1621,FALSE,100616283,s_c
hsa-miR-4766-5p,1.6726,-3.8826,0.6714,0.5117,0.988,-4.5958,FALSE,100616283,m_c
hsa-miR-4775,0.7245,-0.4223,0.689,0.5008,0.9196,-4.7146,FALSE,100616361,s_m
hsa-miR-4775,-0.8238,-0.4223,-1.1501,0.2672,0.7409,-5.1696,FALSE,100616361,s_c
hsa-miR-4775,-1.5482,-0.4223,-1.3717,0.1893,0.988,-4.5933,FALSE,100616361,m_c
hsa-miR-4781-3p,-0.3444,-3.5794,-0.2029,0.8418,0.985,-4.7865,FALSE,100616315,s_m
hsa-miR-4781-3p,3.0825,-3.5794,1.5251,0.147,0.6435,-4.4444,FALSE,100616315,s_c
hsa-miR-4781-3p,3.4269,-3.5794,1.4671,0.162,0.988,-4.5937,FALSE,100616315,m_c
hsa-miR-4785,-0.2006,-3.206,-0.1891,0.8524,0.9863,-4.768,FALSE,100616364,s_m
hsa-miR-4785,4.4999,-3.206,3.8169,0.0015,0.2473,-1.5021,TRUE,100616364,s_c
hsa-miR-4785,4.7005,-3.206,3.2848,0.0047,0.988,-4.5875,TRUE,100616364,m_c
hsa-miR-4786-5p,1.0829,-2.8441,0.5969,0.5591,0.9288,-4.7203,FALSE,100616417,s_m
hsa-miR-4786-5p,1.7324,-2.8441,1.006,0.3296,0.7731,-5.0174,FALSE,100616417,s_c
hsa-miR-4786-5p,0.6495,-2.8441,0.2898,0.7757,0.988,-4.5966,FALSE,100616417,m_c
hsa-miR-4787-3p,2.1095,-3.4079,1.0391,0.3144,0.8932,-4.6146,FALSE,100616138,s_m
hsa-miR-4787-3p,3.4101,-3.4079,1.5179,0.1488,0.6435,-4.4728,FALSE,100616138,s_c
hsa-miR-4787-3p,1.3006,-3.4079,0.4723,0.6432,0.988,-4.5962,FALSE,100616138,m_c
hsa-miR-4796-3p,1.747,-0.915,1.4774,0.1592,0.852,-4.4546,FALSE,100616166,s_m
hsa-miR-4796-3p,0.2626,-0.915,0.307,0.7629,0.9256,-5.6616,FALSE,100616166,s_c
hsa-miR-4796-3p,-1.4844,-0.915,-1.1199,0.2795,0.988,-4.5946,FALSE,100616166,m_c
hsa-miR-4797-3p,-1.9809,-2.9659,-1.2754,0.2206,0.852,-4.539,FALSE,100616216,s_m
hsa-miR-4797-3p,-1.8277,-2.9659,-1.3119,0.2083,0.7104,-4.7127,FALSE,100616216,s_c
hsa-miR-4797-3p,0.1531,-2.9659,0.09,0.9294,0.9889,-4.5967,FALSE,100616216,m_c
hsa-miR-4799-5p,0.8961,-0.2406,0.5582,0.5845,0.934,-4.7568,FALSE,100616246,s_m
hsa-miR-4799-5p,1.3101,-0.2406,1.0194,0.3234,0.7715,-5.2105,FALSE,100616246,s_c
hsa-miR-4799-5p,0.414,-0.2406,0.2196,0.829,0.988,-4.5972,FALSE,100616246,m_c
hsa-miR-483-3p,-2.2784,-3.1877,-1.2262,0.2381,0.852,-4.5525,FALSE,619552,s_m
hsa-miR-483-3p,-0.4421,-3.1877,-0.246,0.8089,0.9314,-5.3511,FALSE,619552,s_c
hsa-miR-483-3p,1.8362,-3.1877,0.8525,0.4067,0.988,-4.5955,FALSE,619552,m_c
hsa-miR-483-5p,-2.8244,-0.643,-2.4819,0.0247,0.677,-3.8373,TRUE,619552,s_m
hsa-miR-483-5p,-2.5905,-0.643,-2.4473,0.0265,0.4806,-3.3273,TRUE,619552,s_c
hsa-miR-483-5p,0.2339,-0.643,0.1964,0.8468,0.988,-4.5985,FALSE,619552,m_c
hsa-miR-484,0.0401,9.18,0.1412,0.8895,0.9953,-5.6997,FALSE,619553,s_m
hsa-miR-484,0.1504,9.18,0.6432,0.5293,0.8715,-6.7386,FALSE,619553,s_c
hsa-miR-484,0.1103,9.18,0.342,0.7369,0.988,-4.6255,FALSE,619553,m_c
hsa-miR-485-3p,0.0117,1.6914,0.0082,0.9935,0.9991,-5.0226,FALSE,574436,s_m
hsa-miR-485-3p,1.0177,1.6914,0.8097,0.4301,0.8212,-5.6774,FALSE,574436,s_c
hsa-miR-485-3p,1.0061,1.6914,0.5824,0.5685,0.988,-4.5984,FALSE,574436,m_c
hsa-miR-485-5p,-0.4179,-0.2178,-0.263,0.7959,0.9842,-4.8063,FALSE,574436,s_m
hsa-miR-485-5p,-0.4801,-0.2178,-0.4048,0.691,0.9185,-5.6796,FALSE,574436,s_c
hsa-miR-485-5p,-0.0622,-0.2178,-0.0355,0.9722,0.9958,-4.5977,FALSE,574436,m_c
hsa-miR-486-3p,-0.0948,6.0791,-0.239,0.8142,0.985,-5.4056,FALSE,619554,s_m
hsa-miR-486-3p,0.0915,6.0791,0.2864,0.7783,0.9258,-6.6106,FALSE,619554,s_c
hsa-miR-486-3p,0.1863,6.0791,0.4149,0.6838,0.988,-4.6102,FALSE,619554,m_c
hsa-miR-486-5p,-0.6323,13.4505,-1.658,0.117,0.8163,-4.7989,FALSE,619554,s_m
hsa-miR-486-5p,-0.3051,13.4505,-0.9079,0.3776,0.8016,-6.8498,FALSE,619554,s_c
hsa-miR-486-5p,0.3272,13.4505,0.75,0.4643,0.988,-4.6281,FALSE,619554,m_c
hsa-miR-487a-3p,-0.2262,6.9162,-0.4038,0.6918,0.9771,-5.4613,FALSE,619555,s_m
hsa-miR-487a-3p,0.3511,6.9162,0.7723,0.4513,0.8376,-6.4624,FALSE,619555,s_c
hsa-miR-487a-3p,0.5773,6.9162,0.9036,0.3798,0.988,-4.5996,FALSE,619555,m_c
hsa-miR-487a-5p,-0.1425,6.1548,-0.2269,0.8234,0.985,-5.4506,FALSE,619555,s_m
hsa-miR-487a-5p,0.6778,6.1548,1.2873,0.2166,0.7175,-5.8418,FALSE,619555,s_c
hsa-miR-487a-5p,0.8203,6.1548,1.1215,0.2788,0.988,-4.5909,FALSE,619555,m_c
hsa-miR-487b-3p,0.3864,7.8417,0.8906,0.3865,0.9068,-5.2556,FALSE,664616,s_m
hsa-miR-487b-3p,0.9126,7.8417,2.5699,0.0207,0.4407,-3.9557,FALSE,664616,s_c
hsa-miR-487b-3p,0.5262,7.8417,1.0544,0.3076,0.988,-4.593,FALSE,664616,m_c
hsa-miR-487b-5p,0.1866,1.9847,0.2522,0.8041,0.9842,-5.0235,FALSE,664616,s_m
hsa-miR-487b-5p,0.7891,1.9847,1.2355,0.2347,0.7175,-5.3273,FALSE,664616,s_c
hsa-miR-487b-5p,0.6025,1.9847,0.6845,0.5036,0.988,-4.5981,FALSE,664616,m_c
hsa-miR-490-3p,-2.4596,-3.5362,-1.2889,0.216,0.852,-4.5335,FALSE,574443,s_m
hsa-miR-490-3p,0.3257,-3.5362,0.1603,0.8747,0.9574,-5.2778,FALSE,574443,s_c
hsa-miR-490-3p,2.7854,-3.5362,1.1876,0.2525,0.988,-4.5946,FALSE,574443,m_c
hsa-miR-490-5p,-2.708,-1.2395,-1.1754,0.2572,0.8643,-4.5686,FALSE,574443,s_m
hsa-miR-490-5p,-2.9374,-1.2395,-1.5933,0.1309,0.6349,-4.524,FALSE,574443,s_c
hsa-miR-490-5p,-0.2293,-1.2395,-0.0968,0.9241,0.9889,-4.5975,FALSE,574443,m_c
hsa-miR-491-5p,0.3895,5.4029,0.863,0.401,0.9118,-5.0653,FALSE,574444,s_m
hsa-miR-491-5p,0.6074,5.4029,1.6342,0.122,0.6349,-5.2717,FALSE,574444,s_c
hsa-miR-491-5p,0.218,5.4029,0.4168,0.6824,0.988,-4.6075,FALSE,574444,m_c
hsa-miR-493-3p,0.5291,5.0805,0.7029,0.4924,0.9196,-5.1768,FALSE,574450,s_m
hsa-miR-493-3p,0.5667,5.0805,0.9766,0.3435,0.783,-6.1525,FALSE,574450,s_c
hsa-miR-493-3p,0.0376,5.0805,0.044,0.9654,0.9958,-4.6113,FALSE,574450,m_c
hsa-miR-493-5p,-0.0935,8.3733,-0.2771,0.7853,0.9842,-5.6326,FALSE,574450,s_m
hsa-miR-493-5p,0.6688,8.3733,2.3532,0.0319,0.4809,-4.3923,FALSE,574450,s_c
hsa-miR-493-5p,0.7623,8.3733,1.9603,0.0678,0.988,-4.5274,FALSE,574450,m_c
hsa-miR-494-3p,0.4637,7.0287,0.8947,0.3844,0.9068,-5.1781,FALSE,574452,s_m
hsa-miR-494-3p,0.5349,7.0287,1.3319,0.2018,0.7021,-5.925,FALSE,574452,s_c
hsa-miR-494-3p,0.0711,7.0287,0.1214,0.9049,0.988,-4.618,FALSE,574452,m_c
hsa-miR-494-5p,-0.6905,-2.7614,-0.4785,0.6389,0.9525,-4.7587,FALSE,574452,s_m
hsa-miR-494-5p,4.6829,-2.7614,2.7377,0.0147,0.4019,-2.9464,TRUE,574452,s_c
hsa-miR-494-5p,5.3734,-2.7614,2.6324,0.0182,0.988,-4.5894,TRUE,574452,m_c
hsa-miR-495-3p,0.1093,8.278,0.207,0.8387,0.985,-5.6225,FALSE,574453,s_m
hsa-miR-495-3p,0.5534,8.278,1.2788,0.2195,0.7175,-6.0653,FALSE,574453,s_c
hsa-miR-495-3p,0.4441,8.278,0.7358,0.4727,0.988,-4.6086,FALSE,574453,m_c
hsa-miR-495-5p,1.4514,0.4783,1.066,0.3024,0.8904,-4.6189,FALSE,574453,s_m
hsa-miR-495-5p,1.7206,0.4783,1.7233,0.1044,0.5991,-4.5113,FALSE,574453,s_c
hsa-miR-495-5p,0.2691,0.4783,0.1697,0.8674,0.988,-4.5976,FALSE,574453,m_c
hsa-miR-496,-0.6909,4.2677,-1.1074,0.2847,0.8904,-4.7917,FALSE,574454,s_m
hsa-miR-496,0.3447,4.2677,0.6621,0.5174,0.8705,-6.1579,FALSE,574454,s_c
hsa-miR-496,1.0356,4.2677,1.4376,0.1701,0.988,-4.585,FALSE,574454,m_c
hsa-miR-497-5p,-0.2111,6.7867,-0.5506,0.5896,0.934,-5.3594,FALSE,574456,s_m
hsa-miR-497-5p,-0.0043,6.7867,-0.014,0.989,0.994,-6.7355,FALSE,574456,s_c
hsa-miR-497-5p,0.2068,6.7867,0.4788,0.6387,0.988,-4.6116,FALSE,574456,m_c
hsa-miR-4999-5p,1.8452,-1.7332,0.9152,0.3738,0.9068,-4.6563,FALSE,100847049,s_m
hsa-miR-4999-5p,0.978,-1.7332,0.564,0.5807,0.8776,-5.4371,FALSE,100847049,s_c
hsa-miR-4999-5p,-0.8672,-1.7332,-0.3663,0.719,0.988,-4.5969,FALSE,100847049,m_c
hsa-miR-499a-5p,0.1594,3.5042,0.2999,0.7682,0.9842,-5.081,FALSE,574501,s_m
hsa-miR-499a-5p,0.4968,3.5042,1.2096,0.2442,0.7175,-5.5537,FALSE,574501,s_c
hsa-miR-499a-5p,0.3374,3.5042,0.5547,0.5869,0.988,-4.6003,FALSE,574501,m_c
hsa-miR-5000-5p,0.7265,-3.8556,0.3996,0.6948,0.9774,-4.7435,FALSE,100846995,s_m
hsa-miR-5000-5p,2.9452,-3.8556,1.4729,0.1604,0.6566,-4.4967,FALSE,100846995,s_c
hsa-miR-5000-5p,2.2187,-3.8556,0.9254,0.3687,0.988,-4.5953,FALSE,100846995,m_c
hsa-miR-5003-5p,1.1509,-2.3661,1.0037,0.3307,0.8985,-4.626,FALSE,100847029,s_m
hsa-miR-5003-5p,4.8094,-2.3661,3.723,0.0019,0.251,-1.5703,TRUE,100847029,s_c
hsa-miR-5003-5p,3.6585,-2.3661,2.2725,0.0374,0.988,-4.5909,TRUE,100847029,m_c
hsa-miR-5004-5p,1.7944,-3.3993,1.3207,0.2054,0.852,-4.5245,FALSE,100847012,s_m
hsa-miR-5004-5p,2.0964,-3.3993,1.6226,0.1245,0.6349,-4.3645,FALSE,100847012,s_c
hsa-miR-5004-5p,0.302,-3.3993,0.1791,0.8601,0.988,-4.5964,FALSE,100847012,m_c
hsa-miR-500a-3p,0.0929,6.8414,0.2552,0.8018,0.9842,-5.4601,FALSE,574502,s_m
hsa-miR-500a-3p,-0.169,6.8414,-0.6021,0.5556,0.8745,-6.579,FALSE,574502,s_c
hsa-miR-500a-3p,-0.2619,6.8414,-0.6451,0.5281,0.988,-4.6077,FALSE,574502,m_c
hsa-miR-500a-5p,1.5008,-0.9267,1.0856,0.2939,0.8904,-4.6027,FALSE,574502,s_m
hsa-miR-500a-5p,1.5226,-0.9267,1.3541,0.1948,0.702,-4.841,FALSE,574502,s_c
hsa-miR-500a-5p,0.0219,-0.9267,0.0133,0.9895,0.9967,-4.5972,FALSE,574502,m_c
hsa-miR-500b-3p,0.2746,1.0989,0.2341,0.8179,0.985,-4.8145,FALSE,100422911,s_m
hsa-miR-500b-3p,-0.7774,1.0989,-1.0131,0.3263,0.7715,-5.4046,FALSE,100422911,s_c
hsa-miR-500b-3p,-1.052,1.0989,-0.8431,0.4118,0.988,-4.5959,FALSE,100422911,m_c
hsa-miR-500b-5p,1.4015,-0.7518,1.1102,0.2835,0.8904,-4.594,FALSE,100422911,s_m
hsa-miR-500b-5p,1.2157,-0.7518,1.2132,0.2429,0.7175,-5.0096,FALSE,100422911,s_c
hsa-miR-500b-5p,-0.1857,-0.7518,-0.1257,0.9016,0.988,-4.5972,FALSE,100422911,m_c
hsa-miR-501-3p,0.2197,7.3858,0.5665,0.579,0.934,-5.4075,FALSE,574503,s_m
hsa-miR-501-3p,0.1655,7.3858,0.5351,0.6001,0.8802,-6.6573,FALSE,574503,s_c
hsa-miR-501-3p,-0.0542,7.3858,-0.1235,0.9033,0.988,-4.6192,FALSE,574503,m_c
hsa-miR-501-5p,1.0302,1.3707,1.2089,0.2445,0.852,-4.568,FALSE,574503,s_m
hsa-miR-501-5p,0.7339,1.3707,1.2069,0.2452,0.7175,-5.2798,FALSE,574503,s_c
hsa-miR-501-5p,-0.2963,1.3707,-0.3079,0.7622,0.988,-4.5983,FALSE,574503,m_c
hsa-miR-5010-3p,1.9668,0.946,1.8179,0.0881,0.8094,-4.2704,FALSE,100847046,s_m
hsa-miR-5010-3p,0.461,0.946,0.7084,0.489,0.8428,-5.7279,FALSE,100847046,s_c
hsa-miR-5010-3p,-1.5058,0.946,-1.2799,0.2191,0.988,-4.5935,FALSE,100847046,m_c
hsa-miR-5010-5p,-0.2528,4.8669,-0.5272,0.6054,0.938,-5.1567,FALSE,100847046,s_m
hsa-miR-5010-5p,-0.3527,4.8669,-0.9661,0.3486,0.788,-6.0279,FALSE,100847046,s_c
hsa-miR-5010-5p,-0.1,4.8669,-0.188,0.8533,0.988,-4.6072,FALSE,100847046,m_c
hsa-miR-502-3p,-0.3803,6.8352,-1.2374,0.234,0.852,-4.8543,FALSE,574504,s_m
hsa-miR-502-3p,-0.1613,6.8352,-0.6609,0.5182,0.8705,-6.5236,FALSE,574504,s_c
hsa-miR-502-3p,0.219,6.8352,0.6349,0.5346,0.988,-4.6081,FALSE,574504,m_c
hsa-miR-502-5p,0.1531,-3.0737,0.1058,0.9171,0.9963,-4.7733,FALSE,574504,s_m
hsa-miR-502-5p,3.2678,-3.0737,2.0601,0.0563,0.5381,-3.8349,FALSE,574504,s_c
hsa-miR-502-5p,3.1147,-3.0737,1.6062,0.128,0.988,-4.5933,FALSE,574504,m_c
hsa-miR-503-5p,-0.2867,6.4659,-0.8206,0.4241,0.9196,-5.18,FALSE,574506,s_m
hsa-miR-503-5p,-0.3044,6.4659,-1.102,0.287,0.7446,-6.1049,FALSE,574506,s_c
hsa-miR-503-5p,-0.0177,6.4659,-0.0452,0.9645,0.9958,-4.6157,FALSE,574506,m_c
hsa-miR-504-5p,-0.8734,-4.0746,-0.4181,0.6815,0.9747,-4.7144,FALSE,574507,s_m
hsa-miR-504-5p,0.7693,-4.0746,0.3622,0.722,0.9248,-5.222,FALSE,574507,s_c
hsa-miR-504-5p,1.6427,-4.0746,0.6477,0.5265,0.988,-4.5958,FALSE,574507,m_c
hsa-miR-505-3p,0.7239,3.9533,0.8199,0.4245,0.9196,-4.9554,FALSE,574508,s_m
hsa-miR-505-3p,0.732,3.9533,1.151,0.2669,0.7409,-5.8053,FALSE,574508,s_c
hsa-miR-505-3p,0.008,3.9533,0.0081,0.9937,0.9967,-4.6053,FALSE,574508,m_c
hsa-miR-505-5p,0.7505,7.5535,2.3662,0.0311,0.677,-3.4304,FALSE,574508,s_m
hsa-miR-505-5p,0.2564,7.5535,1.067,0.302,0.7461,-6.2678,FALSE,574508,s_c
hsa-miR-505-5p,-0.4941,7.5535,-1.3921,0.1832,0.988,-4.5757,FALSE,574508,m_c
hsa-miR-506-3p,2.2328,-3.1314,1.4208,0.1748,0.852,-4.4889,FALSE,574511,s_m
hsa-miR-506-3p,4.1359,-3.1314,2.5588,0.0212,0.4407,-3.1842,TRUE,574511,s_c
hsa-miR-506-3p,1.9031,-3.1314,0.9143,0.3743,0.988,-4.5953,FALSE,574511,m_c
hsa-miR-508-3p,1.4193,-4.2481,0.6611,0.5203,0.9196,-4.6796,FALSE,574513,s_m
hsa-miR-508-3p,-0.2699,-4.2481,-0.1467,0.8856,0.9629,-5.3921,FALSE,574513,s_c
hsa-miR-508-3p,-1.6892,-4.2481,-0.6881,0.5037,0.988,-4.5958,FALSE,574513,m_c
hsa-miR-5094,0.4964,0.46,0.4078,0.6889,0.9764,-4.784,FALSE,100847059,s_m
hsa-miR-5094,-0.4119,0.46,-0.5066,0.6194,0.8831,-5.7236,FALSE,100847059,s_c
hsa-miR-5094,-0.9083,0.46,-0.6907,0.4998,0.988,-4.5965,FALSE,100847059,m_c
hsa-miR-514a-3p,1.4292,-3.3443,0.7432,0.4683,0.9196,-4.6819,FALSE,574516,s_m
hsa-miR-514a-3p,0.6963,-3.3443,0.4003,0.6943,0.9185,-5.3728,FALSE,574516,s_c
hsa-miR-514a-3p,-0.7329,-3.3443,-0.3207,0.7526,0.988,-4.5965,FALSE,574516,m_c
hsa-miR-5187-5p,1.0919,1.7242,1.3485,0.1965,0.852,-4.5007,FALSE,100847090,s_m
hsa-miR-5187-5p,0.1578,1.7242,0.2681,0.7921,0.9314,-6.0736,FALSE,100847090,s_c
hsa-miR-5187-5p,-0.9341,1.7242,-1.0326,0.3173,0.988,-4.5948,FALSE,100847090,m_c
hsa-miR-5189-3p,3.9137,2.7137,2.6134,0.019,0.6054,-3.5606,TRUE,100847057,s_m
hsa-miR-5189-3p,-0.2612,2.7137,-0.3349,0.7421,0.9256,-6.3142,FALSE,100847057,s_c
hsa-miR-5189-3p,-4.1749,2.7137,-2.6436,0.0178,0.988,-4.5742,TRUE,100847057,m_c
hsa-miR-5189-5p,1.8444,2.7921,2.1724,0.0454,0.7475,-3.8718,FALSE,100847057,s_m
hsa-miR-5189-5p,-0.1872,2.7921,-0.391,0.701,0.9185,-6.2833,FALSE,100847057,s_c
hsa-miR-5189-5p,-2.0315,2.7921,-2.2498,0.0391,0.988,-4.5777,TRUE,100847057,m_c
hsa-miR-5192,0.5982,-4.3239,0.313,0.7584,0.9842,-4.7348,FALSE,100847087,s_m
hsa-miR-5192,2.0604,-4.3239,1.0497,0.3096,0.7465,-4.8751,FALSE,100847087,s_c
hsa-miR-5192,1.4622,-4.3239,0.6025,0.5554,0.988,-4.5959,FALSE,100847087,m_c
hsa-miR-5193,1.0563,-1.2409,0.727,0.4778,0.9196,-4.7116,FALSE,100847079,s_m
hsa-miR-5193,2.4461,-1.2409,1.815,0.0886,0.5792,-4.2062,FALSE,100847079,s_c
hsa-miR-5193,1.3898,-1.2409,0.7596,0.4587,0.988,-4.5959,FALSE,100847079,m_c
hsa-miR-532-3p,-0.0488,2.7319,-0.0558,0.9562,0.9991,-5.079,FALSE,693124,s_m
hsa-miR-532-3p,-0.6882,2.7319,-1.0874,0.2932,0.7446,-5.7004,FALSE,693124,s_c
hsa-miR-532-3p,-0.6394,2.7319,-0.6777,0.5078,0.988,-4.5992,FALSE,693124,m_c
hsa-miR-532-5p,-0.3976,6.3417,-1.2002,0.2478,0.8549,-4.856,FALSE,693124,s_m
hsa-miR-532-5p,0.1944,6.3417,0.7245,0.4793,0.8391,-6.4044,FALSE,693124,s_c
hsa-miR-532-5p,0.592,6.3417,1.5714,0.1359,0.988,-4.5714,FALSE,693124,m_c
hsa-miR-539-3p,-0.4901,0.8307,-0.4322,0.6714,0.9736,-4.8928,FALSE,664612,s_m
hsa-miR-539-3p,0.2864,0.8307,0.2871,0.7778,0.9258,-5.8274,FALSE,664612,s_c
hsa-miR-539-3p,0.7765,0.8307,0.5787,0.5709,0.988,-4.5977,FALSE,664612,m_c
hsa-miR-539-5p,0.7365,4.2496,0.9235,0.3696,0.9068,-4.9475,FALSE,664612,s_m
hsa-miR-539-5p,0.7254,4.2496,1.2063,0.2455,0.7175,-5.7964,FALSE,664612,s_c
hsa-miR-539-5p,-0.0111,4.2496,-0.0122,0.9904,0.9967,-4.6073,FALSE,664612,m_c
hsa-miR-541-3p,-2.1121,-2.127,-1.7067,0.1075,0.8163,-4.3029,FALSE,100126308,s_m
hsa-miR-541-3p,1.653,-2.127,1.0725,0.2996,0.7446,-4.9408,FALSE,100126308,s_c
hsa-miR-541-3p,3.765,-2.127,2.2079,0.0424,0.988,-4.589,TRUE,100126308,m_c
hsa-miR-542-3p,0.2093,-0.4982,0.1274,0.9003,0.9953,-4.8083,FALSE,664617,s_m
hsa-miR-542-3p,0.9552,-0.4982,0.706,0.4904,0.8428,-5.4212,FALSE,664617,s_c
hsa-miR-542-3p,0.7459,-0.4982,0.3885,0.7028,0.988,-4.597,FALSE,664617,m_c
hsa-miR-542-5p,-0.7098,3.0547,-1.2695,0.2227,0.852,-4.5947,FALSE,664617,s_m
hsa-miR-542-5p,-0.2577,3.0547,-0.54,0.5967,0.8786,-6.0254,FALSE,664617,s_c
hsa-miR-542-5p,0.452,3.0547,0.707,0.4898,0.988,-4.5988,FALSE,664617,m_c
hsa-miR-543,0.056,5.768,0.0642,0.9496,0.9991,-5.425,FALSE,100126335,s_m
hsa-miR-543,-0.1208,5.768,-0.1883,0.8531,0.9516,-6.72,FALSE,100126335,s_c
hsa-miR-543,-0.1768,5.768,-0.183,0.8572,0.988,-4.6135,FALSE,100126335,m_c
hsa-miR-545-3p,0.9288,-1.2377,0.804,0.4334,0.9196,-4.6778,FALSE,664614,s_m
hsa-miR-545-3p,-0.0198,-1.2377,-0.0226,0.9822,0.9922,-5.6416,FALSE,664614,s_c
hsa-miR-545-3p,-0.9486,-1.2377,-0.7371,0.4719,0.988,-4.596,FALSE,664614,m_c
hsa-miR-545-5p,0.4655,1.8781,0.3124,0.7588,0.9842,-4.8619,FALSE,664614,s_m
hsa-miR-545-5p,0.3975,1.8781,0.3917,0.7005,0.9185,-5.9156,FALSE,664614,s_c
hsa-miR-545-5p,-0.0679,1.8781,-0.0407,0.9681,0.9958,-4.5986,FALSE,664614,m_c
hsa-miR-548a-3p,-0.1539,-0.0733,-0.1439,0.8874,0.9953,-4.8849,FALSE,693125,s_m
hsa-miR-548a-3p,1.0502,-0.0733,1.0598,0.3052,0.7465,-5.2061,FALSE,693125,s_c
hsa-miR-548a-3p,1.2041,-0.0733,0.9237,0.3695,0.988,-4.5955,FALSE,693125,m_c
hsa-miR-548a-5p,0.7491,3.2317,0.918,0.3724,0.9068,-4.7684,FALSE,693127,s_m
hsa-miR-548a-5p,1.1142,3.2317,1.915,0.0738,0.56,-4.5171,FALSE,693127,s_c
hsa-miR-548a-5p,0.3651,3.2317,0.3937,0.6991,0.988,-4.5998,FALSE,693127,m_c
hsa-miR-548ab,-0.7165,-2.4787,-0.5952,0.5601,0.9288,-4.7052,FALSE,100616336,s_m
hsa-miR-548ab,-0.9173,-2.4787,-0.8727,0.3959,0.8136,-5.127,FALSE,100616336,s_c
hsa-miR-548ab,-0.2007,-2.4787,-0.1482,0.884,0.988,-4.5967,FALSE,100616336,m_c
hsa-miR-548ad-5p,-0.9712,-1.9964,-0.9566,0.3532,0.9068,-4.6354,FALSE,100616475,s_m
hsa-miR-548ad-5p,-0.4645,-1.9964,-0.5025,0.6223,0.8852,-5.363,FALSE,100616475,s_c
hsa-miR-548ad-5p,0.5067,-1.9964,0.434,0.6702,0.988,-4.5966,FALSE,100616475,m_c
hsa-miR-548ae-5p,-0.0296,0.1813,-0.0372,0.9708,0.9991,-4.8545,FALSE,100616339,s_m
hsa-miR-548ae-5p,-0.3203,0.1813,-0.5072,0.619,0.8831,-5.6628,FALSE,100616339,s_c
hsa-miR-548ae-5p,-0.2908,0.1813,-0.3267,0.7482,0.988,-4.5978,FALSE,100616339,m_c
hsa-miR-548ag,1.7985,-1.7698,1.0058,0.3297,0.8985,-4.6178,FALSE,100616450,s_m
hsa-miR-548ag,0.6864,-1.7698,0.4773,0.6397,0.8925,-5.4388,FALSE,100616450,s_c
hsa-miR-548ag,-1.1121,-1.7698,-0.542,0.5954,0.988,-4.5963,FALSE,100616450,m_c
hsa-miR-548ah-5p,-0.6363,-3.3483,-0.3744,0.7131,0.9785,-4.723,FALSE,100616254,s_m
hsa-miR-548ah-5p,-2.8984,-3.3483,-2.1737,0.0453,0.5073,-3.7024,TRUE,100616254,s_c
hsa-miR-548ah-5p,-2.2621,-3.3483,-1.2797,0.2191,0.988,-4.5941,FALSE,100616254,m_c
hsa-miR-548am-5p,-0.4443,-2.2002,-0.386,0.7047,0.978,-4.7396,FALSE,100616428,s_m
hsa-miR-548am-5p,-0.6955,-2.2002,-0.7101,0.488,0.8428,-5.269,FALSE,100616428,s_c
hsa-miR-548am-5p,-0.2512,-2.2002,-0.1947,0.8481,0.988,-4.5968,FALSE,100616428,m_c
hsa-miR-548an,0.0155,-3.069,0.0107,0.9916,0.9991,-4.7764,FALSE,100616144,s_m
hsa-miR-548an,2.9399,-3.069,1.8668,0.0806,0.5744,-4.0723,FALSE,100616144,s_c
hsa-miR-548an,2.9244,-3.069,1.5137,0.1499,0.988,-4.5936,FALSE,100616144,m_c
hsa-miR-548aq-5p,-0.7381,-1.8833,-0.7092,0.4886,0.9196,-4.7132,FALSE,100847078,s_m
hsa-miR-548aq-5p,0.1786,-1.8833,0.1812,0.8585,0.9516,-5.4895,FALSE,100847078,s_c
hsa-miR-548aq-5p,0.9167,-1.8833,0.7399,0.4702,0.988,-4.596,FALSE,100847078,m_c
hsa-miR-548at-5p,0.5281,-0.2721,0.4523,0.6572,0.9645,-4.8052,FALSE,100847030,s_m
hsa-miR-548at-5p,0.4784,-0.2721,0.508,0.6185,0.8831,-5.6327,FALSE,100847030,s_c
hsa-miR-548at-5p,-0.0497,-0.2721,-0.0368,0.9711,0.9958,-4.5978,FALSE,100847030,m_c
hsa-miR-548ax,0.269,5.3933,0.7245,0.4793,0.9196,-5.1325,FALSE,100847063,s_m
hsa-miR-548ax,0.3949,5.3933,1.3746,0.1884,0.6994,-5.6572,FALSE,100847063,s_c
hsa-miR-548ax,0.1259,5.3933,0.2993,0.7686,0.988,-4.6086,FALSE,100847063,m_c
hsa-miR-548ay-5p,-0.3893,-1.2594,-0.4254,0.6762,0.9736,-4.7611,FALSE,102465247,s_m
hsa-miR-548ay-5p,-0.0724,-1.2594,-0.091,0.9286,0.9803,-5.5497,FALSE,102465247,s_c
hsa-miR-548ay-5p,0.3169,-1.2594,0.3014,0.767,0.988,-4.597,FALSE,102465247,m_c
hsa-miR-548d-3p,-0.6173,-3.2324,-0.4048,0.6911,0.9771,-4.7389,FALSE,693130,s_m
hsa-miR-548d-3p,2.474,-3.2324,1.5154,0.1494,0.6435,-4.4572,FALSE,693130,s_c
hsa-miR-548d-3p,3.0913,-3.2324,1.5707,0.1361,0.988,-4.5934,FALSE,693130,m_c
hsa-miR-548d-5p,-0.726,-0.1749,-0.8608,0.4022,0.9118,-4.6906,FALSE,693130,s_m
hsa-miR-548d-5p,-0.7712,-0.1749,-1.1106,0.2834,0.7446,-5.1472,FALSE,693130,s_c
hsa-miR-548d-5p,-0.0453,-0.1749,-0.0483,0.9621,0.9958,-4.5979,FALSE,693130,m_c
hsa-miR-548e-3p,-0.2762,-0.933,-0.2174,0.8307,0.985,-4.8723,FALSE,100313921,s_m
hsa-miR-548e-3p,2.1291,-0.933,1.4934,0.155,0.6478,-4.6081,FALSE,100313921,s_c
hsa-miR-548e-3p,2.4053,-0.933,1.3986,0.1813,0.988,-4.5931,FALSE,100313921,m_c
hsa-miR-548e-5p,0.5825,0.0557,0.5755,0.5731,0.934,-4.798,FALSE,100313921,s_m
hsa-miR-548e-5p,0.6037,0.0557,0.7167,0.484,0.8405,-5.536,FALSE,100313921,s_c
hsa-miR-548e-5p,0.0211,0.0557,0.0181,0.9858,0.9967,-4.5982,FALSE,100313921,m_c
hsa-miR-548j-5p,1.2229,8.4822,2.5749,0.0205,0.606,-3.1244,FALSE,100313914,s_m
hsa-miR-548j-5p,0.5838,8.4822,1.5478,0.1415,0.6423,-5.7533,FALSE,100313914,s_c
hsa-miR-548j-5p,-0.639,8.4822,-1.1853,0.2534,0.988,-4.5849,FALSE,100313914,m_c
hsa-miR-548k,0.8423,2.9204,1.3732,0.1889,0.852,-4.4981,FALSE,100313770,s_m
hsa-miR-548k,0.6683,2.9204,1.3905,0.1836,0.6946,-5.2417,FALSE,100313770,s_c
hsa-miR-548k,-0.174,2.9204,-0.2454,0.8093,0.988,-4.6009,FALSE,100313770,m_c
hsa-miR-548l,1.0974,2.0534,0.7464,0.4664,0.9196,-4.7544,FALSE,100302275,s_m
hsa-miR-548l,0.2939,2.0534,0.3161,0.7561,0.9256,-6.0005,FALSE,100302275,s_c
hsa-miR-548l,-0.8035,2.0534,-0.495,0.6274,0.988,-4.5977,FALSE,100302275,m_c
hsa-miR-548n,0.3182,1.8849,0.4101,0.6873,0.9763,-4.9113,FALSE,100302152,s_m
hsa-miR-548n,-0.4796,1.8849,-0.8995,0.3819,0.806,-5.7278,FALSE,100302152,s_c
hsa-miR-548n,-0.7978,1.8849,-0.9496,0.3566,0.988,-4.5956,FALSE,100302152,m_c
hsa-miR-548o-3p,-0.5743,-1.8966,-0.3955,0.6978,0.9774,-4.7494,FALSE,100313829,s_m
hsa-miR-548o-3p,-1.115,-1.8966,-0.9512,0.3558,0.7914,-5.1688,FALSE,100313829,s_c
hsa-miR-548o-3p,-0.5407,-1.8966,-0.3399,0.7384,0.988,-4.5969,FALSE,100313829,m_c
hsa-miR-548q,-0.5444,0.8401,-0.7759,0.4493,0.9196,-4.7598,FALSE,100313841,s_m
hsa-miR-548q,0.2236,0.8401,0.3574,0.7255,0.9256,-5.719,FALSE,100313841,s_c
hsa-miR-548q,0.7679,0.8401,0.9357,0.3635,0.988,-4.5955,FALSE,100313841,m_c
hsa-miR-548t-5p,1.0307,-1.5331,0.6388,0.5321,0.9196,-4.7294,FALSE,100422849,s_m
hsa-miR-548t-5p,0.7213,-1.5331,0.5062,0.6197,0.8831,-5.4478,FALSE,100422849,s_c
hsa-miR-548t-5p,-0.3094,-1.5331,-0.161,0.8741,0.988,-4.5971,FALSE,100422849,m_c
hsa-miR-550a-3-5p,0.8728,2.7199,0.7255,0.4788,0.9196,-4.7717,FALSE,100616354,s_m
hsa-miR-550a-3-5p,0.1627,2.7199,0.2289,0.8218,0.9396,-6.1219,FALSE,100616354,s_c
hsa-miR-550a-3-5p,-0.7101,2.7199,-0.5448,0.5935,0.988,-4.5978,FALSE,100616354,m_c
hsa-miR-550a-3p,1.0558,-3.4682,0.6484,0.526,0.9196,-4.6932,FALSE,693133,s_m
hsa-miR-550a-3p,1.3461,-3.4682,0.8692,0.3977,0.8136,-5.0615,FALSE,693133,s_c
hsa-miR-550a-3p,0.2903,-3.4682,0.1459,0.8858,0.988,-4.5965,FALSE,693133,m_c
hsa-miR-550a-5p,-0.0416,3.2072,-0.0619,0.9514,0.9991,-5.1243,FALSE,693133,s_m
hsa-miR-550a-5p,-0.1358,3.2072,-0.2489,0.8067,0.9314,-6.2114,FALSE,693133,s_c
hsa-miR-550a-5p,-0.0942,3.2072,-0.1244,0.9026,0.988,-4.6032,FALSE,693133,m_c
hsa-miR-550b-2-5p,1.725,-3.2932,1.1213,0.2789,0.8904,-4.5843,FALSE,100500883,s_m
hsa-miR-550b-2-5p,2.9346,-3.2932,1.8902,0.0772,0.5602,-4.0467,FALSE,100500883,s_c
hsa-miR-550b-2-5p,1.2095,-3.2932,0.6074,0.5522,0.988,-4.5959,FALSE,100500883,m_c
hsa-miR-550b-3p,-2.8275,-3.132,-1.7011,0.1085,0.8163,-4.3967,FALSE,100500883,s_m
hsa-miR-550b-3p,-1.4788,-3.132,-0.9134,0.3748,0.8016,-5.0097,FALSE,100500883,s_c
hsa-miR-550b-3p,1.3487,-3.132,0.7106,0.4877,0.988,-4.5959,FALSE,100500883,m_c
hsa-miR-551b-5p,-0.8286,-2.5306,-0.5719,0.5755,0.934,-4.7271,FALSE,693136,s_m
hsa-miR-551b-5p,2.2955,-2.5306,1.4603,0.1638,0.6636,-4.529,FALSE,693136,s_c
hsa-miR-551b-5p,3.1241,-2.5306,1.6364,0.1215,0.988,-4.5931,FALSE,693136,m_c
hsa-miR-556-3p,-0.3868,2.6785,-0.528,0.6048,0.938,-5.0051,FALSE,693141,s_m
hsa-miR-556-3p,-0.0491,2.6785,-0.084,0.9341,0.9803,-6.2149,FALSE,693141,s_c
hsa-miR-556-3p,0.3377,2.6785,0.4076,0.689,0.988,-4.6013,FALSE,693141,m_c
hsa-miR-556-5p,0.4214,6.7293,1.263,0.2249,0.852,-4.8034,FALSE,693141,s_m
hsa-miR-556-5p,0.3401,6.7293,1.3361,0.2005,0.7021,-5.8601,FALSE,693141,s_c
hsa-miR-556-5p,-0.0812,6.7293,-0.2164,0.8315,0.988,-4.6143,FALSE,693141,m_c
hsa-miR-5581-3p,1.9559,-0.3011,1.4638,0.1629,0.852,-4.4545,FALSE,100847010,s_m
hsa-miR-5581-3p,0.0725,-0.3011,0.0816,0.936,0.9803,-5.8175,FALSE,100847010,s_c
hsa-miR-5581-3p,-1.8834,-0.3011,-1.2792,0.2193,0.988,-4.5938,FALSE,100847010,m_c
hsa-miR-5582-3p,-0.2368,1.1334,-0.2785,0.7842,0.9842,-4.9369,FALSE,100847020,s_m
hsa-miR-5582-3p,-0.2833,1.1334,-0.4017,0.6933,0.9185,-5.8719,FALSE,100847020,s_c
hsa-miR-5582-3p,-0.0465,1.1334,-0.0486,0.9619,0.9958,-4.5998,FALSE,100847020,m_c
hsa-miR-5583-3p,0.9191,0.4928,0.8177,0.4257,0.9196,-4.6872,FALSE,100847025,s_m
hsa-miR-5583-3p,-1.6377,0.4928,-2.4984,0.0239,0.4654,-3.3692,FALSE,100847025,s_c
hsa-miR-5583-3p,-2.5568,0.4928,-2.2098,0.0422,0.988,-4.587,TRUE,100847025,m_c
hsa-miR-5584-5p,1.292,-0.1325,0.97,0.3467,0.9068,-4.6445,FALSE,100847089,s_m
hsa-miR-5584-5p,0.5887,-0.1325,0.6103,0.5503,0.8745,-5.5912,FALSE,100847089,s_c
hsa-miR-5584-5p,-0.7032,-0.1325,-0.4658,0.6477,0.988,-4.5969,FALSE,100847089,m_c
hsa-miR-5586-3p,1.408,0.6966,1.2622,0.2252,0.852,-4.5366,FALSE,100847088,s_m
hsa-miR-5586-3p,0.3796,0.6966,0.5267,0.6058,0.8818,-5.7654,FALSE,100847088,s_c
hsa-miR-5586-3p,-1.0285,0.6966,-0.8401,0.4134,0.988,-4.5959,FALSE,100847088,m_c
hsa-miR-5586-5p,1.7196,-0.9284,1.0555,0.3071,0.8904,-4.6151,FALSE,100847088,s_m
hsa-miR-5586-5p,2.8111,-0.9284,1.9367,0.0709,0.5545,-4.0663,FALSE,100847088,s_c
hsa-miR-5586-5p,1.0916,-0.9284,0.5351,0.6,0.988,-4.5965,FALSE,100847088,m_c
hsa-miR-5587-3p,2.2635,-3.6843,1.3695,0.19,0.852,-4.5065,FALSE,100847028,s_m
hsa-miR-5587-3p,3.7453,-3.6843,2.2024,0.0429,0.5073,-3.6548,TRUE,100847028,s_c
hsa-miR-5587-3p,1.4818,-3.6843,0.6812,0.5056,0.988,-4.5958,FALSE,100847028,m_c
hsa-miR-5690,0.9143,-1.9681,0.5011,0.6232,0.9424,-4.7536,FALSE,100847048,s_m
hsa-miR-5690,1.02,-1.9681,0.6096,0.5508,0.8745,-5.3576,FALSE,100847048,s_c
hsa-miR-5690,0.1056,-1.9681,0.0483,0.9621,0.9958,-4.597,FALSE,100847048,m_c
hsa-miR-5695,0.2832,-2.7251,0.1737,0.8643,0.9867,-4.7659,FALSE,100847016,s_m
hsa-miR-5695,0.8009,-2.7251,0.5363,0.5992,0.8802,-5.3282,FALSE,100847016,s_c
hsa-miR-5695,0.5176,-2.7251,0.2649,0.7945,0.988,-4.5966,FALSE,100847016,m_c
hsa-miR-5697,3.4135,-2.8176,1.7773,0.0993,0.8163,-4.3808,FALSE,100847055,s_m
hsa-miR-5697,-0.4714,-2.8176,-0.3562,0.7275,0.9256,-5.5586,FALSE,100847055,s_c
hsa-miR-5697,-3.8849,-2.8176,-1.8613,0.0858,0.988,-4.5919,FALSE,100847055,m_c
hsa-miR-5698,-0.0497,-3.0924,-0.0254,0.98,0.9991,-4.788,FALSE,100847024,s_m
hsa-miR-5698,2.2474,-3.0924,1.0276,0.3196,0.7682,-4.9213,FALSE,100847024,s_c
hsa-miR-5698,2.2971,-3.0924,0.8843,0.3898,0.988,-4.5954,FALSE,100847024,m_c
hsa-miR-570-3p,-0.9782,-3.0024,-0.7191,0.4826,0.9196,-4.6781,FALSE,693155,s_m
hsa-miR-570-3p,-0.4752,-3.0024,-0.3748,0.7128,0.9204,-5.3169,FALSE,693155,s_c
hsa-miR-570-3p,0.5029,-3.0024,0.3196,0.7535,0.988,-4.5965,FALSE,693155,m_c
hsa-miR-574-3p,0.2838,7.542,0.8501,0.408,0.9194,-5.2394,FALSE,693159,s_m
hsa-miR-574-3p,0.3778,7.542,1.4421,0.1688,0.6688,-5.8057,FALSE,693159,s_c
hsa-miR-574-3p,0.0941,7.542,0.2494,0.8062,0.988,-4.6185,FALSE,693159,m_c
hsa-miR-574-5p,0.4865,2.3921,0.72,0.482,0.9196,-4.8581,FALSE,693159,s_m
hsa-miR-574-5p,0.2512,2.3921,0.4755,0.6409,0.8926,-5.9843,FALSE,693159,s_c
hsa-miR-574-5p,-0.2353,2.3921,-0.3055,0.7639,0.988,-4.6001,FALSE,693159,m_c
hsa-miR-576-3p,-0.3024,1.5969,-0.4286,0.674,0.9736,-4.8973,FALSE,693161,s_m
hsa-miR-576-3p,-0.1083,1.5969,-0.1954,0.8475,0.951,-5.9616,FALSE,693161,s_c
hsa-miR-576-3p,0.1941,1.5969,0.2442,0.8102,0.988,-4.5993,FALSE,693161,m_c
hsa-miR-576-5p,0.2363,4.2504,0.4826,0.636,0.9525,-5.0803,FALSE,693161,s_m
hsa-miR-576-5p,-0.0601,4.2504,-0.1758,0.8627,0.9533,-6.4296,FALSE,693161,s_c
hsa-miR-576-5p,-0.2964,4.2504,-0.5505,0.5897,0.988,-4.6018,FALSE,693161,m_c
hsa-miR-577,-1.0141,-0.2826,-0.9282,0.3673,0.9068,-4.7056,FALSE,693162,s_m
hsa-miR-577,0.3511,-0.2826,0.3168,0.7556,0.9256,-5.6353,FALSE,693162,s_c
hsa-miR-577,1.3652,-0.2826,1.0136,0.3261,0.988,-4.595,FALSE,693162,m_c
hsa-miR-579-3p,0.6789,-1.6001,0.5391,0.5974,0.934,-4.7299,FALSE,693164,s_m
hsa-miR-579-3p,-0.4793,-1.6001,-0.4931,0.6288,0.8874,-5.5006,FALSE,693164,s_c
hsa-miR-579-3p,-1.1582,-1.6001,-0.8279,0.42,0.988,-4.5957,FALSE,693164,m_c
hsa-miR-579-5p,-0.2306,-1.2405,-0.1395,0.8908,0.9953,-4.7998,FALSE,693164,s_m
hsa-miR-579-5p,1.392,-1.2405,0.8877,0.388,0.8109,-5.1666,FALSE,693164,s_c
hsa-miR-579-5p,1.6226,-1.2405,0.797,0.4373,0.988,-4.5958,FALSE,693164,m_c
hsa-miR-580-3p,1.7041,0.0635,1.0949,0.29,0.8904,-4.6041,FALSE,693165,s_m
hsa-miR-580-3p,2.9449,0.0635,2.1029,0.0519,0.511,-3.8398,FALSE,693165,s_c
hsa-miR-580-3p,1.2407,0.0635,0.6302,0.5376,0.988,-4.5963,FALSE,693165,m_c
hsa-miR-581,0.8302,0.3927,0.8732,0.3956,0.9118,-4.7101,FALSE,693166,s_m
hsa-miR-581,0.8498,0.3927,1.0768,0.2977,0.7446,-5.2589,FALSE,693166,s_c
hsa-miR-581,0.0196,0.3927,0.0176,0.9862,0.9967,-4.5982,FALSE,693166,m_c
hsa-miR-582-5p,-1.1731,-3.0945,-0.732,0.4749,0.9196,-4.6867,FALSE,693167,s_m
hsa-miR-582-5p,1.9316,-3.0945,1.1214,0.2789,0.7446,-4.8298,FALSE,693167,s_c
hsa-miR-582-5p,3.1048,-3.0945,1.5067,0.1516,0.988,-4.5936,FALSE,693167,m_c
hsa-miR-584-3p,1.0574,-3.1615,0.6214,0.5432,0.9255,-4.6994,FALSE,693169,s_m
hsa-miR-584-3p,0.3564,-3.1615,0.2381,0.8148,0.9355,-5.4132,FALSE,693169,s_c
hsa-miR-584-3p,-0.701,-3.1615,-0.3524,0.7292,0.988,-4.5964,FALSE,693169,m_c
hsa-miR-584-5p,-0.1886,9.4591,-0.541,0.596,0.934,-5.6006,FALSE,693169,s_m
hsa-miR-584-5p,0.169,9.4591,0.5779,0.5715,0.8764,-6.7943,FALSE,693169,s_c
hsa-miR-584-5p,0.3575,9.4591,0.8985,0.3824,0.988,-4.6028,FALSE,693169,m_c
hsa-miR-589-3p,0.3679,-1.1126,0.2531,0.8035,0.9842,-4.778,FALSE,693174,s_m
hsa-miR-589-3p,-0.209,-1.1126,-0.1899,0.8518,0.9516,-5.6482,FALSE,693174,s_c
hsa-miR-589-3p,-0.5768,-1.1126,-0.3597,0.7238,0.988,-4.597,FALSE,693174,m_c
hsa-miR-589-5p,0.7276,4.7657,1.0014,0.3317,0.8985,-4.8831,FALSE,693174,s_m
hsa-miR-589-5p,-0.1261,4.7657,-0.2646,0.7948,0.9314,-6.603,FALSE,693174,s_c
hsa-miR-589-5p,-0.8537,4.7657,-1.0822,0.2954,0.988,-4.5932,FALSE,693174,m_c
hsa-miR-590-3p,-0.1222,7.0208,-0.2774,0.7851,0.9842,-5.4426,FALSE,693175,s_m
hsa-miR-590-3p,0.1396,7.0208,0.4175,0.682,0.9185,-6.6765,FALSE,693175,s_c
hsa-miR-590-3p,0.2618,7.0208,0.531,0.6028,0.988,-4.6101,FALSE,693175,m_c
hsa-miR-590-5p,0.5192,2.9127,0.5461,0.5926,0.934,-4.8949,FALSE,693175,s_m
hsa-miR-590-5p,-0.2639,2.9127,-0.478,0.6392,0.8925,-6.2118,FALSE,693175,s_c
hsa-miR-590-5p,-0.7831,2.9127,-0.7724,0.4513,0.988,-4.5973,FALSE,693175,m_c
hsa-miR-598-3p,0.1718,4.6331,0.3106,0.7602,0.9842,-5.2046,FALSE,693183,s_m
hsa-miR-598-3p,0.5828,4.6331,1.3602,0.1929,0.702,-5.5458,FALSE,693183,s_c
hsa-miR-598-3p,0.4109,4.6331,0.6509,0.5245,0.988,-4.6014,FALSE,693183,m_c
hsa-miR-605-3p,0.9134,5.5418,2.0971,0.0524,0.7475,-3.7896,FALSE,693190,s_m
hsa-miR-605-3p,0.2503,5.5418,0.8105,0.4297,0.8212,-6.2809,FALSE,693190,s_c
hsa-miR-605-3p,-0.663,5.5418,-1.3718,0.1893,0.988,-4.5845,FALSE,693190,m_c
hsa-miR-605-5p,1.0317,-0.5349,0.7514,0.4634,0.9196,-4.7059,FALSE,693190,s_m
hsa-miR-605-5p,0.817,-0.5349,0.7677,0.454,0.8385,-5.4181,FALSE,693190,s_c
hsa-miR-605-5p,-0.2147,-0.5349,-0.1353,0.8941,0.988,-4.5973,FALSE,693190,m_c
hsa-miR-615-3p,-0.0286,-2.9188,-0.017,0.9867,0.9991,-4.7674,FALSE,693200,s_m
hsa-miR-615-3p,0.5207,-2.9188,0.336,0.7413,0.9256,-5.3891,FALSE,693200,s_c
hsa-miR-615-3p,0.5493,-2.9188,0.2741,0.7876,0.988,-4.5966,FALSE,693200,m_c
hsa-miR-616-3p,-0.0159,1.139,-0.0187,0.9853,0.9991,-4.9978,FALSE,693201,s_m
hsa-miR-616-3p,1.0553,1.139,1.2844,0.2175,0.7175,-5.1085,FALSE,693201,s_c
hsa-miR-616-3p,1.0712,1.139,1.0189,0.3236,0.988,-4.595,FALSE,693201,m_c
hsa-miR-616-5p,-0.7921,-3.8036,-0.5953,0.562,0.9288,-4.7136,FALSE,693201,s_m
hsa-miR-616-5p,4.5199,-3.8036,3.0636,0.0092,0.3674,-2.6474,TRUE,693201,s_c
hsa-miR-616-5p,5.312,-3.8036,3.019,0.01,0.988,-4.5889,TRUE,693201,m_c
hsa-miR-624-3p,1.1268,-0.0207,1.0803,0.2962,0.8904,-4.6051,FALSE,693209,s_m
hsa-miR-624-3p,0.3482,-0.0207,0.4731,0.6426,0.8928,-5.6707,FALSE,693209,s_c
hsa-miR-624-3p,-0.7786,-0.0207,-0.6715,0.5116,0.988,-4.5964,FALSE,693209,m_c
hsa-miR-624-5p,0.219,4.7212,0.5305,0.6032,0.938,-5.1528,FALSE,693209,s_m
hsa-miR-624-5p,0.2969,4.7212,0.9353,0.3637,0.7974,-6.044,FALSE,693209,s_c
hsa-miR-624-5p,0.0778,4.7212,0.1667,0.8697,0.988,-4.6068,FALSE,693209,m_c
hsa-miR-625-3p,0.9049,0.8276,0.6346,0.5348,0.9196,-4.7477,FALSE,693210,s_m
hsa-miR-625-3p,0.5351,0.8276,0.5234,0.608,0.8818,-5.6764,FALSE,693210,s_c
hsa-miR-625-3p,-0.3698,0.8276,-0.2317,0.8197,0.988,-4.5976,FALSE,693210,m_c
hsa-miR-625-5p,0.7719,6.9543,1.7792,0.0945,0.8163,-4.2196,FALSE,693210,s_m
hsa-miR-625-5p,0.6929,6.9543,2.1163,0.0506,0.508,-4.6896,FALSE,693210,s_c
hsa-miR-625-5p,-0.079,6.9543,-0.1615,0.8737,0.988,-4.6145,FALSE,693210,m_c
hsa-miR-627-3p,2.0148,-2.5302,1.2855,0.2172,0.852,-4.5328,FALSE,693212,s_m
hsa-miR-627-3p,1.4964,-2.5302,1.088,0.2929,0.7446,-4.9723,FALSE,693212,s_c
hsa-miR-627-3p,-0.5184,-2.5302,-0.2741,0.7876,0.988,-4.5965,FALSE,693212,m_c
hsa-miR-627-5p,0.0263,5.9117,0.0678,0.9468,0.9991,-5.381,FALSE,693212,s_m
hsa-miR-627-5p,-0.4129,5.9117,-1.4052,0.1793,0.6847,-5.6829,FALSE,693212,s_c
hsa-miR-627-5p,-0.4392,5.9117,-1.0247,0.3209,0.988,-4.5946,FALSE,693212,m_c
hsa-miR-628-3p,0.103,9.5484,0.3904,0.7014,0.9774,-5.6625,FALSE,693213,s_m
hsa-miR-628-3p,-0.1738,9.5484,-0.8044,0.4331,0.8236,-6.6533,FALSE,693213,s_c
hsa-miR-628-3p,-0.2768,9.5484,-0.9297,0.3665,0.988,-4.601,FALSE,693213,m_c
hsa-miR-628-5p,0.5599,5.6664,1.3011,0.2119,0.852,-4.693,FALSE,693213,s_m
hsa-miR-628-5p,0.4427,5.6664,1.3605,0.1928,0.702,-5.706,FALSE,693213,s_c
hsa-miR-628-5p,-0.1172,5.6664,-0.2412,0.8125,0.988,-4.6094,FALSE,693213,m_c
hsa-miR-629-3p,-0.8713,-1.2868,-0.6049,0.5538,0.9285,-4.7838,FALSE,693214,s_m
hsa-miR-629-3p,1.288,-1.2868,0.8344,0.4165,0.8212,-5.2325,FALSE,693214,s_c
hsa-miR-629-3p,2.1594,-1.2868,1.1704,0.2592,0.988,-4.5943,FALSE,693214,m_c
hsa-miR-629-5p,-0.5007,5.9346,-1.3439,0.198,0.852,-4.6926,FALSE,693214,s_m
hsa-miR-629-5p,-0.187,5.9346,-0.6247,0.5411,0.8728,-6.4405,FALSE,693214,s_c
hsa-miR-629-5p,0.3137,5.9346,0.7476,0.4657,0.988,-4.603,FALSE,693214,m_c
hsa-miR-636,-0.3796,-2.3589,-0.2784,0.7843,0.9842,-4.7552,FALSE,693221,s_m
hsa-miR-636,0.8253,-2.3589,0.6443,0.5287,0.8715,-5.2458,FALSE,693221,s_c
hsa-miR-636,1.2049,-2.3589,0.738,0.4713,0.988,-4.5958,FALSE,693221,m_c
hsa-miR-641,1.1795,3.4207,1.5647,0.1375,0.8163,-4.3649,FALSE,693226,s_m
hsa-miR-641,0.6355,3.4207,1.1153,0.2814,0.7446,-5.7746,FALSE,693226,s_c
hsa-miR-641,-0.544,3.4207,-0.6316,0.5367,0.988,-4.6007,FALSE,693226,m_c
hsa-miR-643,3.1829,-1.4882,2.2431,0.0396,0.7475,-4.1513,TRUE,693228,s_m
hsa-miR-643,0.3125,-1.4882,0.3179,0.7547,0.9256,-5.6382,FALSE,693228,s_c
hsa-miR-643,-2.8704,-1.4882,-1.8148,0.0886,0.988,-4.5916,FALSE,693228,m_c
hsa-miR-6501-3p,1.0628,-2.972,0.5198,0.6104,0.9404,-4.715,FALSE,102465248,s_m
hsa-miR-6501-3p,-0.3496,-2.972,-0.2058,0.8396,0.9476,-5.4638,FALSE,102465248,s_c
hsa-miR-6501-3p,-1.4124,-2.972,-0.6094,0.5509,0.988,-4.5961,FALSE,102465248,m_c
hsa-miR-6502-5p,-1.253,-2.869,-0.7939,0.439,0.9196,-4.6739,FALSE,102465249,s_m
hsa-miR-6502-5p,-0.0619,-2.869,-0.0415,0.9674,0.9922,-5.4224,FALSE,102465249,s_c
hsa-miR-6502-5p,1.191,-2.869,0.6405,0.531,0.988,-4.5961,FALSE,102465249,m_c
hsa-miR-6505-5p,1.9125,-2.1146,1.1712,0.2589,0.8643,-4.5696,FALSE,102466657,s_m
hsa-miR-6505-5p,1.5634,-2.1146,1.1104,0.2834,0.7446,-4.9777,FALSE,102466657,s_c
hsa-miR-6505-5p,-0.3491,-2.1146,-0.1779,0.8611,0.988,-4.5967,FALSE,102466657,m_c
hsa-miR-651-5p,-0.4866,2.945,-0.8671,0.3989,0.9118,-4.8209,FALSE,723779,s_m
hsa-miR-651-5p,0.079,2.945,0.1703,0.8669,0.9533,-6.1009,FALSE,723779,s_c
hsa-miR-651-5p,0.5656,2.945,0.8783,0.393,0.988,-4.5965,FALSE,723779,m_c
hsa-miR-6511a-3p,1.2808,-0.551,1.049,0.31,0.893,-4.616,FALSE,102466268,s_m
hsa-miR-6511a-3p,0.7856,-0.551,0.8558,0.4049,0.8174,-5.3801,FALSE,102466268,s_c
hsa-miR-6511a-3p,-0.4952,-0.551,-0.3547,0.7275,0.988,-4.5971,FALSE,102466268,m_c
hsa-miR-6511a-5p,1.4844,-3.6145,1.0581,0.3059,0.8904,-4.5995,FALSE,102466268,s_m
hsa-miR-6511a-5p,1.1174,-3.6145,0.8638,0.4006,0.8155,-5.0637,FALSE,102466268,s_c
hsa-miR-6511a-5p,-0.367,-3.6145,-0.2173,0.8307,0.988,-4.5964,FALSE,102466268,m_c
hsa-miR-6511b-3p,1.9215,0.0507,1.8913,0.0771,0.7793,-4.2651,FALSE,102465429,s_m
hsa-miR-6511b-3p,-0.1174,0.0507,-0.1795,0.8598,0.9516,-5.8183,FALSE,102465429,s_c
hsa-miR-6511b-3p,-2.039,0.0507,-1.8511,0.0829,0.988,-4.5904,FALSE,102465429,m_c
hsa-miR-6513-3p,-0.0418,-0.0293,-0.0417,0.9673,0.9991,-4.8804,FALSE,102465256,s_m
hsa-miR-6513-3p,0.9674,-0.0293,1.0743,0.2988,0.7446,-5.2007,FALSE,102465256,s_c
hsa-miR-6513-3p,1.0091,-0.0293,0.8332,0.4171,0.988,-4.596,FALSE,102465256,m_c
hsa-miR-6513-5p,1.7442,0.6947,1.6164,0.1258,0.8163,-4.3728,FALSE,102465256,s_m
hsa-miR-6513-5p,0.6291,0.6947,0.9077,0.3777,0.8016,-5.5175,FALSE,102465256,s_c
hsa-miR-6513-5p,-1.1151,0.6947,-0.935,0.3639,0.988,-4.5954,FALSE,102465256,m_c
hsa-miR-6514-5p,0.7823,0.3068,0.712,0.4868,0.9196,-4.7833,FALSE,102465257,s_m
hsa-miR-6514-5p,0.2915,0.3068,0.3224,0.7514,0.9256,-5.8074,FALSE,102465257,s_c
hsa-miR-6514-5p,-0.4909,0.3068,-0.3839,0.7062,0.988,-4.5981,FALSE,102465257,m_c
hsa-miR-6515-5p,0.2334,2.3148,0.3214,0.7521,0.9842,-5.0003,FALSE,102466659,s_m
hsa-miR-6515-5p,-0.2842,2.3148,-0.5326,0.6017,0.8811,-6.0506,FALSE,102466659,s_c
hsa-miR-6515-5p,-0.5177,2.3148,-0.6451,0.5281,0.988,-4.5987,FALSE,102466659,m_c
hsa-miR-6516-3p,-1.0651,-2.9118,-0.7483,0.4653,0.9196,-4.6846,FALSE,102466864,s_m
hsa-miR-6516-3p,0.7196,-2.9118,0.513,0.615,0.8831,-5.2805,FALSE,102466864,s_c
hsa-miR-6516-3p,1.7847,-2.9118,1.0315,0.3179,0.988,-4.595,FALSE,102466864,m_c
hsa-miR-6516-5p,0.5042,2.911,0.669,0.5132,0.9196,-4.9149,FALSE,102466864,s_m
hsa-miR-6516-5p,0.0238,2.911,0.0465,0.9635,0.9922,-6.3052,FALSE,102466864,s_c
hsa-miR-6516-5p,-0.4804,2.911,-0.5802,0.57,0.988,-4.5996,FALSE,102466864,m_c
hsa-miR-652-3p,0.2905,11.8669,1.2272,0.2377,0.852,-5.2213,FALSE,724022,s_m
hsa-miR-652-3p,0.1587,11.8669,0.7875,0.4426,0.8326,-6.8403,FALSE,724022,s_c
hsa-miR-652-3p,-0.1318,11.8669,-0.4861,0.6336,0.988,-4.6365,FALSE,724022,m_c
hsa-miR-652-5p,0.2275,2.7241,0.2145,0.8329,0.985,-5.1657,FALSE,724022,s_m
hsa-miR-652-5p,1.1791,2.7241,1.2183,0.241,0.7175,-5.4892,FALSE,724022,s_c
hsa-miR-652-5p,0.9516,2.7241,0.7227,0.4804,0.988,-4.5989,FALSE,724022,m_c
hsa-miR-654-3p,-0.0602,6.9141,-0.1093,0.9144,0.9963,-5.5107,FALSE,724024,s_m
hsa-miR-654-3p,0.4376,6.9141,0.9899,0.3371,0.7731,-6.2608,FALSE,724024,s_c
hsa-miR-654-3p,0.4978,6.9141,0.7933,0.4393,0.988,-4.6034,FALSE,724024,m_c
hsa-miR-654-5p,-0.2888,5.2675,-0.6573,0.5205,0.9196,-5.217,FALSE,724024,s_m
hsa-miR-654-5p,0.2865,5.2675,0.7649,0.4556,0.8385,-6.2586,FALSE,724024,s_c
hsa-miR-654-5p,0.5753,5.2675,1.1291,0.2757,0.988,-4.5913,FALSE,724024,m_c
hsa-miR-655-3p,0.0116,-0.5074,0.0064,0.995,0.9991,-4.8191,FALSE,724025,s_m
hsa-miR-655-3p,-0.028,-0.5074,-0.0205,0.9839,0.9922,-5.7536,FALSE,724025,s_c
hsa-miR-655-3p,-0.0396,-0.5074,-0.0195,0.9847,0.9967,-4.5976,FALSE,724025,m_c
hsa-miR-655-5p,-1.3483,-3.1029,-0.9561,0.3534,0.9068,-4.6355,FALSE,724025,s_m
hsa-miR-655-5p,2.5041,-3.1029,1.5787,0.1342,0.6349,-4.3891,FALSE,724025,s_c
hsa-miR-655-5p,3.8524,-3.1029,2.0565,0.0567,0.988,-4.5916,FALSE,724025,m_c
hsa-miR-656-3p,-1.0071,1.5772,-1.1793,0.2557,0.8643,-4.6124,FALSE,724026,s_m
hsa-miR-656-3p,0.1311,1.5772,0.1742,0.8639,0.9533,-5.9452,FALSE,724026,s_c
hsa-miR-656-3p,1.1382,1.5772,1.1452,0.2692,0.988,-4.5937,FALSE,724026,m_c
hsa-miR-656-5p,-0.7644,-0.7698,-0.5618,0.5822,0.934,-4.7364,FALSE,724026,s_m
hsa-miR-656-5p,-1.8077,-0.7698,-1.8414,0.0844,0.5792,-4.2683,FALSE,724026,s_c
hsa-miR-656-5p,-1.0433,-0.7698,-0.7353,0.4729,0.988,-4.5962,FALSE,724026,m_c
hsa-miR-660-3p,1.8501,-1.0977,1.3451,0.1976,0.852,-4.5036,FALSE,724030,s_m
hsa-miR-660-3p,3.0426,-1.0977,2.412,0.0284,0.4809,-3.3619,TRUE,724030,s_c
hsa-miR-660-3p,1.1925,-1.0977,0.6822,0.505,0.988,-4.5961,FALSE,724030,m_c
hsa-miR-660-5p,-0.2762,4.3665,-0.4648,0.6484,0.9632,-5.0654,FALSE,724030,s_m
hsa-miR-660-5p,-0.5413,4.3665,-1.3351,0.2008,0.7021,-5.5604,FALSE,724030,s_c
hsa-miR-660-5p,-0.2651,4.3665,-0.4122,0.6858,0.988,-4.6028,FALSE,724030,m_c
hsa-miR-664a-3p,1.1415,3.9122,1.3823,0.1861,0.852,-4.5302,FALSE,100302234,s_m
hsa-miR-664a-3p,0.8454,3.9122,1.4761,0.1596,0.6564,-5.4149,FALSE,100302234,s_c
hsa-miR-664a-3p,-0.2961,3.9122,-0.3197,0.7534,0.988,-4.6038,FALSE,100302234,m_c
hsa-miR-664a-5p,-0.0853,7.3329,-0.231,0.8203,0.985,-5.5149,FALSE,100302234,s_m
hsa-miR-664a-5p,-0.0259,7.3329,-0.0878,0.9311,0.9803,-6.7866,FALSE,100302234,s_c
hsa-miR-664a-5p,0.0594,7.3329,0.1428,0.8882,0.988,-4.6186,FALSE,100302234,m_c
hsa-miR-664b-5p,0.3446,-2.4272,0.2591,0.7989,0.9842,-4.7673,FALSE,100847052,s_m
hsa-miR-664b-5p,2.8418,-2.4272,2.0537,0.057,0.5381,-3.8456,FALSE,100847052,s_c
hsa-miR-664b-5p,2.4972,-2.4272,1.4343,0.171,0.988,-4.5938,FALSE,100847052,m_c
hsa-miR-665,0.3976,0.1849,0.3742,0.7133,0.9785,-4.8577,FALSE,100126315,s_m
hsa-miR-665,0.7833,0.1849,0.8682,0.3983,0.8136,-5.4452,FALSE,100126315,s_c
hsa-miR-665,0.3857,0.1849,0.3066,0.7631,0.988,-4.598,FALSE,100126315,m_c
hsa-miR-668-3p,0.0838,0.9107,0.0849,0.9334,0.9963,-4.9672,FALSE,768214,s_m
hsa-miR-668-3p,1.1539,0.9107,1.2788,0.2194,0.7175,-5.1205,FALSE,768214,s_c
hsa-miR-668-3p,1.0701,0.9107,0.8801,0.392,0.988,-4.596,FALSE,768214,m_c
hsa-miR-671-3p,0.4758,4.875,1.0703,0.3006,0.8904,-4.8382,FALSE,768213,s_m
hsa-miR-671-3p,0.0824,4.875,0.252,0.8043,0.9314,-6.5064,FALSE,768213,s_c
hsa-miR-671-3p,-0.3934,4.875,-0.7938,0.4391,0.988,-4.5997,FALSE,768213,m_c
hsa-miR-671-5p,0.4153,5.4748,0.9041,0.3795,0.9068,-5.0204,FALSE,768213,s_m
hsa-miR-671-5p,0.1992,5.4748,0.5594,0.5837,0.8786,-6.4285,FALSE,768213,s_c
hsa-miR-671-5p,-0.2162,5.4748,-0.4168,0.6824,0.988,-4.6075,FALSE,768213,m_c
hsa-miR-6730-5p,-1.1943,-1.0293,-0.8704,0.3971,0.9118,-4.6668,FALSE,102466722,s_m
hsa-miR-6730-5p,-1.651,-1.0293,-1.5492,0.1411,0.6423,-4.6193,FALSE,102466722,s_c
hsa-miR-6730-5p,-0.4567,-1.0293,-0.3075,0.7625,0.988,-4.5972,FALSE,102466722,m_c
hsa-miR-6734-5p,0.6425,0.8968,0.7041,0.4916,0.9196,-4.7811,FALSE,102466723,s_m
hsa-miR-6734-5p,-0.0201,0.8968,-0.0292,0.9771,0.9922,-5.9204,FALSE,102466723,s_c
hsa-miR-6734-5p,-0.6626,0.8968,-0.6484,0.526,0.988,-4.5972,FALSE,102466723,m_c
hsa-miR-6735-5p,2.2094,0.9751,1.9475,0.0695,0.7793,-4.2039,FALSE,102465440,s_m
hsa-miR-6735-5p,0.4598,0.9751,0.679,0.507,0.8608,-5.7499,FALSE,102465440,s_c
hsa-miR-6735-5p,-1.7496,0.9751,-1.4147,0.1766,0.988,-4.5927,FALSE,102465440,m_c
hsa-miR-6736-5p,3.8706,-2.5413,1.8898,0.0817,0.7851,-4.3392,FALSE,102466191,s_m
hsa-miR-6736-5p,-0.6814,-2.5413,-0.5209,0.6114,0.8822,-5.5639,FALSE,102466191,s_c
hsa-miR-6736-5p,-4.552,-2.5413,-2.0767,0.0586,0.988,-4.5908,FALSE,102466191,m_c
hsa-miR-6738-3p,-1.3337,-3.4318,-0.66,0.5188,0.9196,-4.7031,FALSE,102465442,s_m
hsa-miR-6738-3p,-0.0262,-3.4318,-0.0124,0.9903,0.994,-5.3428,FALSE,102465442,s_c
hsa-miR-6738-3p,1.3074,-3.4318,0.5312,0.6026,0.988,-4.5962,FALSE,102465442,m_c
hsa-miR-6741-3p,1.324,-0.6114,1.1476,0.2682,0.8879,-4.5807,FALSE,102466270,s_m
hsa-miR-6741-3p,1.4842,-0.6114,1.6026,0.1288,0.6349,-4.5566,FALSE,102466270,s_c
hsa-miR-6741-3p,0.1602,-0.6114,0.1176,0.9079,0.988,-4.5972,FALSE,102466270,m_c
hsa-miR-6741-5p,0.4704,-2.3259,0.2556,0.8016,0.9842,-4.829,FALSE,102466270,s_m
hsa-miR-6741-5p,1.6837,-2.3259,0.8251,0.4216,0.8212,-5.1763,FALSE,102466270,s_c
hsa-miR-6741-5p,1.2133,-2.3259,0.5017,0.6228,0.988,-4.5966,FALSE,102466270,m_c
hsa-miR-6746-3p,3.0454,-3.8154,2.0098,0.066,0.7749,-4.3016,FALSE,102465446,s_m
hsa-miR-6746-3p,3.3134,-3.8154,2.2353,0.0439,0.5073,-3.6496,TRUE,102465446,s_c
hsa-miR-6746-3p,0.268,-3.8154,0.1374,0.8929,0.988,-4.5963,FALSE,102465446,m_c
hsa-miR-6755-5p,-0.3115,-4.2279,-0.179,0.8602,0.9867,-4.7375,FALSE,102465452,s_m
hsa-miR-6755-5p,1.2032,-4.2279,0.6733,0.5105,0.8649,-5.1036,FALSE,102465452,s_c
hsa-miR-6755-5p,1.5147,-4.2279,0.7028,0.4924,0.988,-4.5957,FALSE,102465452,m_c
hsa-miR-6758-5p,2.6851,-1.5021,1.5742,0.1352,0.8163,-4.3929,FALSE,102465454,s_m
hsa-miR-6758-5p,3.6677,-1.5021,2.0098,0.0619,0.5381,-3.9217,FALSE,102465454,s_c
hsa-miR-6758-5p,0.9826,-1.5021,0.4237,0.6775,0.988,-4.5966,FALSE,102465454,m_c
hsa-miR-6764-5p,0.6981,0.1842,0.6651,0.5156,0.9196,-4.7284,FALSE,102466730,s_m
hsa-miR-6764-5p,-0.3895,0.1842,-0.5477,0.5916,0.8786,-5.6724,FALSE,102466730,s_c
hsa-miR-6764-5p,-1.0876,0.1842,-0.9551,0.3539,0.988,-4.5953,FALSE,102466730,m_c
hsa-miR-6767-5p,1.7091,-0.6093,1.4138,0.1768,0.852,-4.4759,FALSE,102465459,s_m
hsa-miR-6767-5p,0.9507,-0.6093,1.0535,0.3079,0.7465,-5.2074,FALSE,102465459,s_c
hsa-miR-6767-5p,-0.7584,-0.6093,-0.5461,0.5926,0.988,-4.5966,FALSE,102465459,m_c
hsa-miR-6770-3p,1.307,-0.7584,1.04,0.314,0.8932,-4.6149,FALSE,102465461,s_m
hsa-miR-6770-3p,0.2822,-0.7584,0.3099,0.7607,0.9256,-5.6662,FALSE,102465461,s_c
hsa-miR-6770-3p,-1.0248,-0.7584,-0.7343,0.4735,0.988,-4.5961,FALSE,102465461,m_c
hsa-miR-6770-5p,1.129,-0.609,1.024,0.3213,0.8985,-4.6396,FALSE,102465461,s_m
hsa-miR-6770-5p,1.2562,-0.609,1.285,0.2173,0.7175,-4.9461,FALSE,102465461,s_c
hsa-miR-6770-5p,0.1272,-0.609,0.0952,0.9254,0.9889,-4.5976,FALSE,102465461,m_c
hsa-miR-6772-3p,0.1259,-3.6072,0.0762,0.9402,0.9984,-4.747,FALSE,102465463,s_m
hsa-miR-6772-3p,-0.0343,-3.6072,-0.0227,0.9822,0.9922,-5.3844,FALSE,102465463,s_c
hsa-miR-6772-3p,-0.1602,-3.6072,-0.083,0.9349,0.9897,-4.5966,FALSE,102465463,m_c
hsa-miR-6780a-5p,-0.9973,-2.7473,-0.7178,0.4833,0.9196,-4.6962,FALSE,102466195,s_m
hsa-miR-6780a-5p,1.342,-2.7473,0.9496,0.3566,0.7914,-5.018,FALSE,102466195,s_c
hsa-miR-6780a-5p,2.3392,-2.7473,1.3458,0.1974,0.988,-4.594,FALSE,102466195,m_c
hsa-miR-6786-3p,1.8945,-3.6153,1.3117,0.2084,0.852,-4.5272,FALSE,102465471,s_m
hsa-miR-6786-3p,3.1915,-3.6153,2.1874,0.0441,0.5073,-3.6747,TRUE,102465471,s_c
hsa-miR-6786-3p,1.2971,-3.6153,0.696,0.4966,0.988,-4.5957,FALSE,102465471,m_c
hsa-miR-6789-3p,3.2874,-3.5208,1.9616,0.0719,0.7793,-4.3163,FALSE,102466736,s_m
hsa-miR-6789-3p,3.9653,-3.5208,2.4133,0.0316,0.4809,-3.4293,TRUE,102466736,s_c
hsa-miR-6789-3p,0.6779,-3.5208,0.3121,0.76,0.988,-4.5962,FALSE,102466736,m_c
hsa-miR-6802-3p,1.5976,-3.6997,0.9754,0.3441,0.9062,-4.6231,FALSE,102465481,s_m
hsa-miR-6802-3p,2.6086,-3.6997,1.5879,0.1321,0.6349,-4.3901,FALSE,102465481,s_c
hsa-miR-6802-3p,1.011,-3.6997,0.4833,0.6355,0.988,-4.5961,FALSE,102465481,m_c
hsa-miR-6802-5p,-0.6373,0.3739,-0.6298,0.5379,0.9196,-4.8128,FALSE,102465481,s_m
hsa-miR-6802-5p,-0.9188,0.3739,-1.0563,0.3067,0.7465,-5.304,FALSE,102465481,s_c
hsa-miR-6802-5p,-0.2814,0.3739,-0.2496,0.8061,0.988,-4.5988,FALSE,102465481,m_c
hsa-miR-6803-3p,4.4179,0.2739,3.3443,0.0042,0.4377,-3.5941,TRUE,102466739,s_m
hsa-miR-6803-3p,0.2327,0.2739,0.3342,0.7426,0.9256,-5.9367,FALSE,102466739,s_c
hsa-miR-6803-3p,-4.1852,0.2739,-2.9778,0.009,0.988,-4.5835,TRUE,102466739,m_c
hsa-miR-6804-3p,0.1512,-4.0657,0.0648,0.9494,0.9991,-4.7274,FALSE,102465482,s_m
hsa-miR-6804-3p,-1.6427,-4.0657,-0.8212,0.4266,0.8212,-5.0974,FALSE,102465482,s_c
hsa-miR-6804-3p,-1.7939,-4.0657,-0.6988,0.4972,0.988,-4.5958,FALSE,102465482,m_c
hsa-miR-6804-5p,-3.5063,-1.619,-1.8665,0.0807,0.7851,-4.2454,FALSE,102465482,s_m
hsa-miR-6804-5p,-1.2661,-1.619,-0.6301,0.5376,0.8728,-5.2899,FALSE,102465482,s_c
hsa-miR-6804-5p,2.2402,-1.619,1.0192,0.3234,0.988,-4.595,FALSE,102465482,m_c
hsa-miR-6805-5p,0.6082,-3.5197,0.3712,0.7154,0.9785,-4.7275,FALSE,102465483,s_m
hsa-miR-6805-5p,1.2516,-3.5197,0.7948,0.4385,0.8292,-5.0897,FALSE,102465483,s_c
hsa-miR-6805-5p,0.6435,-3.5197,0.3235,0.7506,0.988,-4.5963,FALSE,102465483,m_c
hsa-miR-6807-5p,0.7675,-3.2909,0.5169,0.6124,0.9404,-4.7249,FALSE,102465976,s_m
hsa-miR-6807-5p,4.3583,-3.2909,2.7209,0.0152,0.4019,-2.9764,TRUE,102465976,s_c
hsa-miR-6807-5p,3.5908,-3.2909,1.8154,0.0885,0.988,-4.5927,FALSE,102465976,m_c
hsa-miR-6809-5p,0.9481,0.1868,0.92,0.3714,0.9068,-4.657,FALSE,102465485,s_m
hsa-miR-6809-5p,-0.6312,0.1868,-0.9359,0.3634,0.7974,-5.4235,FALSE,102465485,s_c
hsa-miR-6809-5p,-1.5793,0.1868,-1.428,0.1728,0.988,-4.5928,FALSE,102465485,m_c
hsa-miR-6810-3p,1.7349,0.0795,1.5533,0.1401,0.8163,-4.4144,FALSE,102466197,s_m
hsa-miR-6810-3p,0.6281,0.0795,0.814,0.4277,0.8212,-5.4782,FALSE,102466197,s_c
hsa-miR-6810-3p,-1.1068,0.0795,-0.8892,0.3872,0.988,-4.5956,FALSE,102466197,m_c
hsa-miR-6810-5p,3.5827,-0.2351,2.1656,0.046,0.7475,-4.1515,TRUE,102466197,s_m
hsa-miR-6810-5p,-0.1747,-0.2351,-0.1813,0.8584,0.9516,-5.8799,FALSE,102466197,s_c
hsa-miR-6810-5p,-3.7574,-0.2351,-2.1107,0.0511,0.988,-4.5891,FALSE,102466197,m_c
hsa-miR-6813-5p,1.8459,-0.1495,1.3594,0.1931,0.852,-4.4971,FALSE,102466741,s_m
hsa-miR-6813-5p,0.4318,-0.1495,0.4682,0.6461,0.8935,-5.7122,FALSE,102466741,s_c
hsa-miR-6813-5p,-1.4141,-0.1495,-0.9334,0.3647,0.988,-4.5954,FALSE,102466741,m_c
hsa-miR-6818-5p,1.4881,0.2417,1.2769,0.2201,0.852,-4.5311,FALSE,102466742,s_m
hsa-miR-6818-5p,-0.1611,0.2417,-0.2165,0.8314,0.9411,-5.8458,FALSE,102466742,s_c
hsa-miR-6818-5p,-1.6492,0.2417,-1.3132,0.2079,0.988,-4.5935,FALSE,102466742,m_c
hsa-miR-6819-3p,3.0522,-1.5562,2.1858,0.0442,0.7475,-4.1711,TRUE,102465491,s_m
hsa-miR-6819-3p,0.6027,-1.5562,0.6037,0.5546,0.8745,-5.4967,FALSE,102465491,s_c
hsa-miR-6819-3p,-2.4496,-1.5562,-1.5569,0.1393,0.988,-4.5928,FALSE,102465491,m_c
hsa-miR-6819-5p,1.413,-2.1774,0.944,0.3594,0.9068,-4.6323,FALSE,102465491,s_m
hsa-miR-6819-5p,-0.7921,-2.1774,-0.7065,0.4902,0.8428,-5.3591,FALSE,102465491,s_c
hsa-miR-6819-5p,-2.2051,-2.1774,-1.3425,0.1984,0.988,-4.5938,FALSE,102465491,m_c
hsa-miR-6837-5p,2.0639,-0.1768,1.2556,0.2275,0.852,-4.5395,FALSE,102466985,s_m
hsa-miR-6837-5p,2.1792,-0.1768,1.6848,0.1117,0.6233,-4.461,FALSE,102466985,s_c
hsa-miR-6837-5p,0.1152,-0.1768,0.0592,0.9536,0.9921,-4.5972,FALSE,102466985,m_c
hsa-miR-6838-5p,0.8311,0.007,0.7753,0.4496,0.9196,-4.701,FALSE,102465504,s_m
hsa-miR-6838-5p,0.1985,0.007,0.2602,0.7981,0.9314,-5.7407,FALSE,102465504,s_c
hsa-miR-6838-5p,-0.6326,0.007,-0.5318,0.6022,0.988,-4.5968,FALSE,102465504,m_c
hsa-miR-6842-5p,-0.5169,0.5645,-0.56,0.5833,0.934,-4.8042,FALSE,102465507,s_m
hsa-miR-6842-5p,-0.9181,0.5645,-1.2934,0.2145,0.7175,-5.0829,FALSE,102465507,s_c
hsa-miR-6842-5p,-0.4012,0.5645,-0.4011,0.6938,0.988,-4.5981,FALSE,102465507,m_c
hsa-miR-6847-5p,0.0136,0.7484,0.016,0.9875,0.9991,-4.9222,FALSE,102465510,s_m
hsa-miR-6847-5p,-0.1822,0.7484,-0.2554,0.8017,0.9314,-5.8455,FALSE,102465510,s_c
hsa-miR-6847-5p,-0.1958,0.7484,-0.2013,0.843,0.988,-4.5989,FALSE,102465510,m_c
hsa-miR-6852-5p,0.2082,7.0953,0.6361,0.5338,0.9196,-5.3348,FALSE,102465513,s_m
hsa-miR-6852-5p,-0.0658,7.0953,-0.2599,0.7983,0.9314,-6.757,FALSE,102465513,s_c
hsa-miR-6852-5p,-0.2739,7.0953,-0.7485,0.4652,0.988,-4.6051,FALSE,102465513,m_c
hsa-miR-6855-5p,0.3401,-1.9673,0.2438,0.8105,0.985,-4.7736,FALSE,102466750,s_m
hsa-miR-6855-5p,1.4481,-1.9673,1.1144,0.2818,0.7446,-4.9506,FALSE,102466750,s_c
hsa-miR-6855-5p,1.1079,-1.9673,0.6471,0.5269,0.988,-4.5961,FALSE,102466750,m_c
hsa-miR-6859-5p,0.9174,-0.6302,0.7547,0.4615,0.9196,-4.7045,FALSE,102466751,s_m
hsa-miR-6859-5p,0.5354,-0.6302,0.5791,0.5707,0.8764,-5.5481,FALSE,102466751,s_c
hsa-miR-6859-5p,-0.382,-0.6302,-0.2754,0.7866,0.988,-4.5972,FALSE,102466751,m_c
hsa-miR-6861-5p,-0.3854,-3.3084,-0.2921,0.774,0.9842,-4.7613,FALSE,102465519,s_m
hsa-miR-6861-5p,3.4293,-3.3084,2.327,0.0336,0.4809,-3.4979,TRUE,102465519,s_c
hsa-miR-6861-5p,3.8147,-3.3084,2.1482,0.0476,0.988,-4.5914,TRUE,102465519,m_c
hsa-miR-6862-5p,1.3108,-1.0259,0.8273,0.4204,0.9196,-4.6763,FALSE,102465520,s_m
hsa-miR-6862-5p,1.1795,-1.0259,0.9213,0.3708,0.8016,-5.2287,FALSE,102465520,s_c
hsa-miR-6862-5p,-0.1313,-1.0259,-0.071,0.9443,0.9897,-4.597,FALSE,102465520,m_c
hsa-miR-6865-5p,-2.16,-3.3036,-1.6445,0.1198,0.8163,-4.3665,FALSE,102465522,s_m
hsa-miR-6865-5p,2.5088,-3.3036,1.4963,0.1543,0.6478,-4.4715,FALSE,102465522,s_c
hsa-miR-6865-5p,4.6688,-3.3036,2.5309,0.0224,0.988,-4.5891,TRUE,102465522,m_c
hsa-miR-6866-5p,0.5473,-1.7375,0.4322,0.6714,0.9736,-4.7639,FALSE,102466986,s_m
hsa-miR-6866-5p,3.8664,-1.7375,2.7379,0.0147,0.4019,-2.9201,TRUE,102466986,s_c
hsa-miR-6866-5p,3.3191,-1.7375,1.8975,0.0762,0.988,-4.5921,FALSE,102466986,m_c
hsa-miR-6868-3p,-0.7823,-2.9666,-0.4232,0.6778,0.9736,-4.7476,FALSE,102466753,s_m
hsa-miR-6868-3p,2.205,-2.9666,1.103,0.2866,0.7446,-4.8576,FALSE,102466753,s_c
hsa-miR-6868-3p,2.9873,-2.9666,1.2288,0.2371,0.988,-4.5945,FALSE,102466753,m_c
hsa-miR-6869-5p,2.1577,-3.8842,1.6951,0.1097,0.8163,-4.3912,FALSE,102465524,s_m
hsa-miR-6869-5p,5.2914,-3.8842,3.9983,0.0011,0.2115,-1.2482,TRUE,102465524,s_c
hsa-miR-6869-5p,3.1337,-3.8842,1.8589,0.0818,0.988,-4.5927,FALSE,102465524,m_c
hsa-miR-6875-5p,-0.8117,-1.7858,-0.5006,0.6235,0.9424,-4.7403,FALSE,102466755,s_m
hsa-miR-6875-5p,-0.1155,-1.7858,-0.0815,0.936,0.9803,-5.517,FALSE,102466755,s_c
hsa-miR-6875-5p,0.6962,-1.7858,0.3747,0.7129,0.988,-4.5967,FALSE,102466755,m_c
hsa-miR-6876-5p,1.5988,-0.3295,0.9322,0.3652,0.9068,-4.6618,FALSE,102465527,s_m
hsa-miR-6876-5p,2.3742,-0.3295,1.6428,0.1202,0.6349,-4.5054,FALSE,102465527,s_c
hsa-miR-6876-5p,0.7755,-0.3295,0.3683,0.7175,0.988,-4.597,FALSE,102465527,m_c
hsa-miR-6877-5p,0.418,1.1722,0.5091,0.6177,0.9424,-4.8662,FALSE,102465528,s_m
hsa-miR-6877-5p,0.5445,1.1722,0.8234,0.4225,0.8212,-5.6045,FALSE,102465528,s_c
hsa-miR-6877-5p,0.1265,1.1722,0.1332,0.8957,0.988,-4.599,FALSE,102465528,m_c
hsa-miR-6882-5p,0.9742,1.0891,0.7293,0.4765,0.9196,-4.7343,FALSE,102465531,s_m
hsa-miR-6882-5p,0.0468,1.0891,0.052,0.9592,0.9922,-5.9034,FALSE,102465531,s_c
hsa-miR-6882-5p,-0.9274,1.0891,-0.6271,0.5396,0.988,-4.5968,FALSE,102465531,m_c
hsa-miR-6885-5p,2.3903,1.7289,2.2311,0.0405,0.7475,-4.0289,TRUE,102465533,s_m
hsa-miR-6885-5p,-0.1547,1.7289,-0.2918,0.7743,0.9258,-6.1401,FALSE,102465533,s_c
hsa-miR-6885-5p,-2.545,1.7289,-2.2614,0.0382,0.988,-4.5855,TRUE,102465533,m_c
hsa-miR-6892-5p,-0.9727,-1.1587,-0.8313,0.4182,0.9196,-4.7137,FALSE,102465538,s_m
hsa-miR-6892-5p,1.2931,-1.1587,0.995,0.3347,0.7731,-5.0763,FALSE,102465538,s_c
hsa-miR-6892-5p,2.2658,-1.1587,1.4861,0.1569,0.988,-4.5927,FALSE,102465538,m_c
hsa-miR-6895-5p,2.5473,-1.5101,1.4526,0.1659,0.852,-4.4726,FALSE,102465539,s_m
hsa-miR-6895-5p,0.8292,-1.5101,0.6244,0.5413,0.8728,-5.4342,FALSE,102465539,s_c
hsa-miR-6895-5p,-1.7181,-1.5101,-0.8589,0.4032,0.988,-4.5956,FALSE,102465539,m_c
hsa-miR-7-1-3p,1.6041,0.7309,0.819,0.425,0.9196,-4.71,FALSE,407043,s_m
hsa-miR-7-1-3p,2.3094,0.7309,1.5598,0.1386,0.6423,-4.72,FALSE,407043,s_c
hsa-miR-7-1-3p,0.7052,0.7309,0.3045,0.7647,0.988,-4.5975,FALSE,407043,m_c
hsa-miR-7-5p,0.7263,4.1582,1.2811,0.2187,0.852,-4.6145,FALSE,407043,s_m
hsa-miR-7-5p,0.2015,4.1582,0.5114,0.6161,0.8831,-6.3322,FALSE,407043,s_c
hsa-miR-7-5p,-0.5248,4.1582,-0.8365,0.4153,0.988,-4.598,FALSE,407043,m_c
hsa-miR-708-5p,-0.1574,-0.2151,-0.0935,0.9267,0.9963,-4.8486,FALSE,100126333,s_m
hsa-miR-708-5p,0.0227,-0.2151,0.0157,0.9876,0.9939,-5.7066,FALSE,100126333,s_c
hsa-miR-708-5p,0.1801,-0.2151,0.0933,0.9268,0.9889,-4.5979,FALSE,100126333,m_c
hsa-miR-7109-5p,-0.5658,-3.8264,-0.2826,0.7812,0.9842,-4.7314,FALSE,102465666,s_m
hsa-miR-7109-5p,1.094,-3.8264,0.5302,0.6034,0.8818,-5.1681,FALSE,102465666,s_c
hsa-miR-7109-5p,1.6598,-3.8264,0.6688,0.5133,0.988,-4.5958,FALSE,102465666,m_c
hsa-miR-7110-3p,-2.8647,-3.5758,-1.5619,0.1381,0.8163,-4.4406,FALSE,102465667,s_m
hsa-miR-7110-3p,0.6395,-3.5758,0.3176,0.7549,0.9256,-5.2327,FALSE,102465667,s_c
hsa-miR-7110-3p,3.5042,-3.5758,1.5283,0.1462,0.988,-4.5935,FALSE,102465667,m_c
hsa-miR-744-3p,1.8812,-2.0618,1.4183,0.1755,0.852,-4.4767,FALSE,100126313,s_m
hsa-miR-744-3p,4.7382,-2.0618,3.2986,0.0046,0.2992,-2.1067,TRUE,100126313,s_c
hsa-miR-744-3p,2.857,-2.0618,1.5548,0.1398,0.988,-4.5934,FALSE,100126313,m_c
hsa-miR-744-5p,0.0736,11.7128,0.2957,0.7713,0.9842,-5.8822,FALSE,100126313,s_m
hsa-miR-744-5p,-0.0576,11.7128,-0.2711,0.7898,0.9314,-7.1136,FALSE,100126313,s_c
hsa-miR-744-5p,-0.1312,11.7128,-0.462,0.6504,0.988,-4.6375,FALSE,100126313,m_c
hsa-miR-758-3p,1.4963,0.9214,0.9043,0.3794,0.9068,-4.6845,FALSE,768212,s_m
hsa-miR-758-3p,0.831,0.9214,0.7776,0.4483,0.8376,-5.6752,FALSE,768212,s_c
hsa-miR-758-3p,-0.6652,0.9214,-0.3606,0.7232,0.988,-4.5977,FALSE,768212,m_c
hsa-miR-758-5p,0.6386,1.4444,0.6368,0.5334,0.9196,-4.8814,FALSE,768212,s_m
hsa-miR-758-5p,1.2322,1.4444,1.4156,0.1763,0.6841,-5.0436,FALSE,768212,s_c
hsa-miR-758-5p,0.5936,1.4444,0.4855,0.634,0.988,-4.5986,FALSE,768212,m_c
hsa-miR-766-3p,0.2643,5.9082,0.5984,0.5581,0.9288,-5.2449,FALSE,768218,s_m
hsa-miR-766-3p,0.5931,5.9082,1.6981,0.1091,0.6175,-5.2464,FALSE,768218,s_c
hsa-miR-766-3p,0.3288,5.9082,0.6514,0.5241,0.988,-4.6045,FALSE,768218,m_c
hsa-miR-766-5p,0.4623,3.4317,0.6724,0.5111,0.9196,-4.9901,FALSE,768218,s_m
hsa-miR-766-5p,0.188,3.4317,0.3813,0.708,0.9187,-6.3211,FALSE,768218,s_c
hsa-miR-766-5p,-0.2742,3.4317,-0.3585,0.7247,0.988,-4.6029,FALSE,768218,m_c
hsa-miR-769-5p,0.5509,3.1548,0.7708,0.4522,0.9196,-4.9174,FALSE,768217,s_m
hsa-miR-769-5p,-0.1715,3.1548,-0.3451,0.7346,0.9256,-6.3193,FALSE,768217,s_c
hsa-miR-769-5p,-0.7224,3.1548,-0.9215,0.3706,0.988,-4.5964,FALSE,768217,m_c
hsa-miR-770-5p,-0.5665,-3.746,-0.4236,0.6789,0.9736,-4.7423,FALSE,768222,s_m
hsa-miR-770-5p,4.7725,-3.746,3.2095,0.007,0.3182,-2.4657,TRUE,768222,s_c
hsa-miR-770-5p,5.339,-3.746,2.9975,0.0104,0.988,-4.5889,TRUE,768222,m_c
hsa-miR-7705,3.0789,-1.7882,2.127,0.0495,0.7475,-4.2001,TRUE,102466854,s_m
hsa-miR-7705,0.8586,-1.7882,0.8101,0.4299,0.8212,-5.3401,FALSE,102466854,s_c
hsa-miR-7705,-2.2203,-1.7882,-1.3522,0.1954,0.988,-4.5938,FALSE,102466854,m_c
hsa-miR-7706,1.5336,1.0234,1.4477,0.1673,0.852,-4.4565,FALSE,102465803,s_m
hsa-miR-7706,0.0777,1.0234,0.1127,0.9117,0.9756,-5.8727,FALSE,102465803,s_c
hsa-miR-7706,-1.4559,1.0234,-1.2577,0.2268,0.988,-4.5937,FALSE,102465803,m_c
hsa-miR-7848-3p,2.6302,-2.2062,1.6084,0.1275,0.8163,-4.4143,FALSE,102466865,s_m
hsa-miR-7848-3p,2.0402,-2.2062,1.4495,0.1668,0.6688,-4.6318,FALSE,102466865,s_c
hsa-miR-7848-3p,-0.59,-2.2062,-0.2973,0.7701,0.988,-4.5965,FALSE,102466865,m_c
hsa-miR-7849-3p,2.2877,1.3231,2.0052,0.0624,0.7475,-4.1703,FALSE,102465837,s_m
hsa-miR-7849-3p,-0.3195,1.3231,-0.5434,0.5944,0.8786,-5.9719,FALSE,102465837,s_c
hsa-miR-7849-3p,-2.6072,1.3231,-2.1773,0.045,0.988,-4.5866,TRUE,102465837,m_c
hsa-miR-7851-3p,-0.956,-2.84,-0.4103,0.6871,0.9763,-4.7203,FALSE,102467003,s_m
hsa-miR-7851-3p,-1.681,-2.84,-0.8433,0.4116,0.8212,-5.1277,FALSE,102467003,s_c
hsa-miR-7851-3p,-0.7251,-2.84,-0.2863,0.7784,0.988,-4.5966,FALSE,102467003,m_c
hsa-miR-7976,1.4929,-3.9802,1.0618,0.308,0.8904,-4.6003,FALSE,102465857,s_m
hsa-miR-7976,5.0323,-3.9802,3.4432,0.0045,0.2992,-2.1738,TRUE,102465857,s_c
hsa-miR-7976,3.5394,-3.9802,1.9239,0.0769,0.988,-4.5926,FALSE,102465857,m_c
hsa-miR-8072,1.7193,-3.646,1.0848,0.2943,0.8904,-4.5945,FALSE,102466877,s_m
hsa-miR-8072,3.2883,-3.646,2.0083,0.062,0.5381,-3.899,FALSE,102466877,s_c
hsa-miR-8072,1.569,-3.646,0.7571,0.4601,0.988,-4.5956,FALSE,102466877,m_c
hsa-miR-874-3p,-0.1155,4.504,-0.2316,0.8198,0.985,-5.2461,FALSE,100126343,s_m
hsa-miR-874-3p,0.1711,4.504,0.4152,0.6836,0.9185,-6.3335,FALSE,100126343,s_c
hsa-miR-874-3p,0.2866,4.504,0.5007,0.6235,0.988,-4.6039,FALSE,100126343,m_c
hsa-miR-874-5p,1.0743,0.8596,1.0182,0.3239,0.8985,-4.6775,FALSE,100126343,s_m
hsa-miR-874-5p,0.3046,0.8596,0.3483,0.7322,0.9256,-5.8564,FALSE,100126343,s_c
hsa-miR-874-5p,-0.7697,0.8596,-0.6325,0.5361,0.988,-4.5975,FALSE,100126343,m_c
hsa-miR-877-5p,0.0128,2.1105,0.0189,0.9852,0.9991,-4.9415,FALSE,100126314,s_m
hsa-miR-877-5p,-0.0762,2.1105,-0.1506,0.8822,0.9607,-6.0076,FALSE,100126314,s_c
hsa-miR-877-5p,-0.0889,2.1105,-0.1182,0.9074,0.988,-4.5995,FALSE,100126314,m_c
hsa-miR-887-3p,-4.1778,-3.2259,-2.0346,0.059,0.7475,-4.2481,FALSE,100126347,s_m
hsa-miR-887-3p,-3.2116,-3.2259,-1.5782,0.1343,0.6349,-4.4175,FALSE,100126347,s_c
hsa-miR-887-3p,0.9662,-3.2259,0.4375,0.6677,0.988,-4.5967,FALSE,100126347,m_c
hsa-miR-889-3p,-0.4468,4.1571,-0.5039,0.6213,0.9424,-5.2083,FALSE,100126345,s_m
hsa-miR-889-3p,1.237,4.1571,1.4404,0.1693,0.6688,-5.3224,FALSE,100126345,s_c
hsa-miR-889-3p,1.6839,4.1571,1.5015,0.1529,0.988,-4.5833,FALSE,100126345,m_c
hsa-miR-890,-1.2227,-3.5037,-0.6293,0.5381,0.9196,-4.6871,FALSE,100126303,s_m
hsa-miR-890,-0.4656,-3.5037,-0.2473,0.8078,0.9314,-5.2889,FALSE,100126303,s_c
hsa-miR-890,0.7571,-3.5037,0.3324,0.744,0.988,-4.5963,FALSE,100126303,m_c
hsa-miR-9-3p,-0.3554,3.1437,-0.4772,0.6398,0.9525,-5.0644,FALSE,407046,s_m
hsa-miR-9-3p,-0.2999,3.1437,-0.5218,0.609,0.8818,-6.1809,FALSE,407046,s_c
hsa-miR-9-3p,0.0555,3.1437,0.0669,0.9475,0.9897,-4.604,FALSE,407046,m_c
hsa-miR-9-5p,0.4602,3.6048,0.7666,0.4546,0.9196,-4.9363,FALSE,407046,s_m
hsa-miR-9-5p,0.298,3.6048,0.6229,0.5422,0.8728,-6.083,FALSE,407046,s_c
hsa-miR-9-5p,-0.1622,3.6048,-0.2366,0.816,0.988,-4.6029,FALSE,407046,m_c
hsa-miR-92a-1-5p,1.7887,-1.0209,1.2143,0.2425,0.852,-4.5555,FALSE,407048,s_m
hsa-miR-92a-1-5p,3.8996,-1.0209,2.6879,0.0163,0.4065,-2.9474,TRUE,407048,s_c
hsa-miR-92a-1-5p,2.1109,-1.0209,1.0877,0.2931,0.988,-4.5948,FALSE,407048,m_c
hsa-miR-92a-2-5p,-2.3239,-3.9213,-1.3647,0.1915,0.852,-4.5096,FALSE,407049,s_m
hsa-miR-92a-2-5p,1,-3.9213,0.5405,0.5964,0.8786,-5.1563,FALSE,407049,s_c
hsa-miR-92a-2-5p,3.3238,-3.9213,1.556,0.1395,0.988,-4.5935,FALSE,407049,m_c
hsa-miR-92a-3p,-0.2102,12.0786,-0.8178,0.4256,0.9196,-5.6254,FALSE,407048,s_m
hsa-miR-92a-3p,0.0106,12.0786,0.0478,0.9625,0.9922,-7.168,FALSE,407048,s_c
hsa-miR-92a-3p,0.2208,12.0786,0.7496,0.4645,0.988,-4.6206,FALSE,407048,m_c
hsa-miR-92b-3p,-0.0173,7.7735,-0.034,0.9733,0.9991,-5.593,FALSE,693235,s_m
hsa-miR-92b-3p,-0.1735,7.7735,-0.4259,0.6759,0.9158,-6.7561,FALSE,693235,s_c
hsa-miR-92b-3p,-0.1562,7.7735,-0.2733,0.7882,0.988,-4.6203,FALSE,693235,m_c
hsa-miR-92b-5p,1.6622,-1.5177,0.9242,0.3693,0.9068,-4.6558,FALSE,693235,s_m
hsa-miR-92b-5p,4.3524,-1.5177,2.2647,0.038,0.4809,-3.5667,TRUE,693235,s_c
hsa-miR-92b-5p,2.6902,-1.5177,1.0927,0.2909,0.988,-4.5948,FALSE,693235,m_c
hsa-miR-93-3p,0.189,8.7537,0.743,0.4684,0.9196,-5.4044,FALSE,407050,s_m
hsa-miR-93-3p,-0.0039,8.7537,-0.0194,0.9847,0.9922,-6.9286,FALSE,407050,s_c
hsa-miR-93-3p,-0.193,8.7537,-0.6738,0.5102,0.988,-4.6122,FALSE,407050,m_c
hsa-miR-93-5p,-0.0293,11.8167,-0.125,0.9021,0.9953,-5.9239,FALSE,407050,s_m
hsa-miR-93-5p,0.2519,11.8167,1.2383,0.2337,0.7175,-6.3706,FALSE,407050,s_c
hsa-miR-93-5p,0.2812,11.8167,1.0409,0.3136,0.988,-4.5937,FALSE,407050,m_c
hsa-miR-933,1.1143,-1.5247,0.8138,0.4279,0.9196,-4.6831,FALSE,100126350,s_m
hsa-miR-933,2.5978,-1.5247,1.9857,0.0647,0.5513,-3.959,FALSE,100126350,s_c
hsa-miR-933,1.4836,-1.5247,0.8502,0.4079,0.988,-4.5956,FALSE,100126350,m_c
hsa-miR-935,4.1787,-2.781,2.6148,0.0216,0.6164,-4.0764,TRUE,100126325,s_m
hsa-miR-935,2.1968,-2.781,1.6787,0.1174,0.6349,-4.3642,FALSE,100126325,s_c
hsa-miR-935,-1.9819,-2.781,-1.0336,0.3205,0.988,-4.595,FALSE,100126325,m_c
hsa-miR-937-3p,-0.4097,-2.3714,-0.2813,0.7821,0.9842,-4.7545,FALSE,100126338,s_m
hsa-miR-937-3p,0.2499,-2.3714,0.1899,0.8518,0.9516,-5.4363,FALSE,100126338,s_c
hsa-miR-937-3p,0.6596,-2.3714,0.3885,0.7028,0.988,-4.5965,FALSE,100126338,m_c
hsa-miR-940,1.6039,1.586,1.8044,0.0903,0.8094,-4.1828,FALSE,100126328,s_m
hsa-miR-940,1.0148,1.586,1.5151,0.1495,0.6435,-4.9689,FALSE,100126328,s_c
hsa-miR-940,-0.5891,1.586,-0.5743,0.5739,0.988,-4.598,FALSE,100126328,m_c
hsa-miR-941,0.8519,6.7052,2.0387,0.0586,0.7475,-3.8785,FALSE,100126329,s_m
hsa-miR-941,0.4078,6.7052,1.312,0.2083,0.7104,-5.8976,FALSE,100126329,s_c
hsa-miR-941,-0.4442,6.7052,-0.949,0.3569,0.988,-4.5973,FALSE,100126329,m_c
hsa-miR-942-3p,0.2303,2.0536,0.2833,0.7806,0.9842,-4.9608,FALSE,100126331,s_m
hsa-miR-942-3p,0.2104,2.0536,0.3515,0.7299,0.9256,-6.0478,FALSE,100126331,s_c
hsa-miR-942-3p,-0.02,2.0536,-0.0219,0.9828,0.9967,-4.6003,FALSE,100126331,m_c
hsa-miR-942-5p,0.2739,6.2843,0.8293,0.4193,0.9196,-5.1421,FALSE,100126331,s_m
hsa-miR-942-5p,0.1909,6.2843,0.7509,0.4637,0.8391,-6.4099,FALSE,100126331,s_c
hsa-miR-942-5p,-0.083,6.2843,-0.2236,0.826,0.988,-4.6129,FALSE,100126331,m_c
hsa-miR-95-3p,-2.2901,0.1775,-2.032,0.0593,0.7475,-4.0353,FALSE,407052,s_m
hsa-miR-95-3p,1.3308,0.1775,0.9312,0.3658,0.7975,-5.1438,FALSE,407052,s_c
hsa-miR-95-3p,3.6209,0.1775,2.3234,0.0338,0.988,-4.5861,TRUE,407052,m_c
hsa-miR-96-5p,-1.9497,3.7273,-2.9128,0.0103,0.5633,-2.8671,FALSE,407053,s_m
hsa-miR-96-5p,-1.5494,3.7273,-2.724,0.0151,0.4019,-3.1771,FALSE,407053,s_c
hsa-miR-96-5p,0.4004,3.7273,0.5634,0.5811,0.988,-4.6024,FALSE,407053,m_c
hsa-miR-98-5p,1.0903,10.6328,2.8097,0.0127,0.5633,-2.7675,FALSE,407054,s_m
hsa-miR-98-5p,0.7144,10.6328,2.2655,0.0379,0.4809,-4.7323,FALSE,407054,s_c
hsa-miR-98-5p,-0.3759,10.6328,-0.8474,0.4094,0.988,-4.6077,FALSE,407054,m_c
hsa-miR-9985,-1.3509,1.4069,-1.3886,0.1842,0.852,-4.4719,FALSE,113218498,s_m
hsa-miR-9985,-0.7053,1.4069,-0.7861,0.4434,0.8326,-5.5231,FALSE,113218498,s_c
hsa-miR-9985,0.6457,1.4069,0.5848,0.5669,0.988,-4.5979,FALSE,113218498,m_c
hsa-miR-99a-3p,1.396,-2.8775,0.8177,0.4257,0.9196,-4.6597,FALSE,407055,s_m
hsa-miR-99a-3p,0.8649,-2.8775,0.5845,0.5672,0.8764,-5.2971,FALSE,407055,s_c
hsa-miR-99a-3p,-0.5311,-2.8775,-0.2665,0.7933,0.988,-4.5965,FALSE,407055,m_c
hsa-miR-99a-5p,-0.4102,9.7776,-1.257,0.227,0.852,-5.0403,FALSE,407055,s_m
hsa-miR-99a-5p,-0.5567,9.7776,-2.0492,0.0574,0.5381,-5.0371,FALSE,407055,s_c
hsa-miR-99a-5p,-0.1465,9.7776,-0.3988,0.6954,0.988,-4.6279,FALSE,407055,m_c
hsa-miR-99b-3p,0.4948,2.0833,0.3561,0.7265,0.981,-4.9747,FALSE,407056,s_m
hsa-miR-99b-3p,1.6988,2.0833,1.226,0.2382,0.7175,-5.1724,FALSE,407056,s_c
hsa-miR-99b-3p,1.204,2.0833,0.6718,0.5114,0.988,-4.5974,FALSE,407056,m_c
hsa-miR-99b-5p,0.221,9.7958,0.5205,0.61,0.9404,-5.6255,FALSE,407056,s_m
hsa-miR-99b-5p,-0.1051,9.7958,-0.2997,0.7683,0.9258,-6.9534,FALSE,407056,s_c
hsa-miR-99b-5p,-0.3262,9.7958,-0.6784,0.5074,0.988,-4.6158,FALSE,407056,m_c
